,COD_DPTO_O,NDEP_PROCE,COD_MUN_O,NMUN_PROCE,COD_EVE,NOM_EVE,SEMANA_01,SEMANA_02,SEMANA_03,SEMANA_04,SEMANA_05,SEMANA_06,SEMANA_07,SEMANA_08,SEMANA_09,SEMANA_10,SEMANA_11,SEMANA_12,SEMANA_13,SEMANA_14,SEMANA_15,SEMANA_16,Total general,lat,lon
5072,23,CORDOBA,1.0,MONTERIA,100.0,ACCIDENTE OFIDICO,1,1,0,0,0,0,1,0,0,1,0,1,0,1,2,2,10,8.7558921,-75.887029
5073,0,CORDOBA,0.0,MONTERIA,110.0,BAJO PESO AL NACER,3,2,3,6,4,2,5,4,2,2,1,1,3,2,2,1,43,8.7558921,-75.887029
5074,0,CORDOBA,0.0,MONTERIA,113.0,DESNUTRICIÓN AGUDA EN MENORES DE 5 AÑOS,2,4,4,2,2,3,7,8,6,4,3,4,2,3,4,1,59,8.7558921,-75.887029
5075,0,CORDOBA,0.0,MONTERIA,210.0,DENGUE,9,5,6,8,5,9,11,7,11,3,4,4,6,5,4,1,98,8.7558921,-75.887029
5076,0,CORDOBA,0.0,MONTERIA,215.0,DEFECTOS CONGENITOS,2,1,2,1,0,0,1,1,2,0,0,0,0,0,0,0,10,8.7558921,-75.887029
5077,0,CORDOBA,0.0,MONTERIA,298.0,EVENTO ADVERSO POSTERIOR A LA VACUNACION GRAVE,0,1,0,0,0,0,0,0,2,1,0,0,0,0,0,0,4,8.7558921,-75.887029
5078,0,CORDOBA,0.0,MONTERIA,300.0,AGRESIONES POR ANIMALES POTENCIALMENTE TRANSMISORES DE RABIA,28,25,21,24,23,22,22,25,22,19,22,25,14,18,20,20,350,8.7558921,-75.887029
5079,0,CORDOBA,0.0,MONTERIA,340.0,"HEPATITIS B, C Y COINFECCIÓN HEPATITIS B Y DELTA",1,0,0,0,0,0,0,0,0,0,1,1,0,0,0,0,3,8.7558921,-75.887029
5080,0,CORDOBA,0.0,MONTERIA,352.0,INFECCIONES DE SITIO QUIRÚRGICO ASOCIADAS A PROCEDIMIENTO MÉDICO QUIRÚRGICO,0,0,0,0,0,0,0,0,1,0,0,0,0,3,0,0,4,8.7558921,-75.887029
5081,0,CORDOBA,0.0,MONTERIA,356.0,INTENTO DE SUICIDIO,5,5,10,7,4,9,8,6,7,5,8,5,9,4,8,2,102,8.7558921,-75.887029
5082,0,CORDOBA,0.0,MONTERIA,357.0,INFECCIONES ASOCIADAS A DISPOSITIVOS - INDIVIDUAL,0,0,1,0,0,0,0,0,1,0,1,0,0,1,0,0,4,8.7558921,-75.887029
5083,0,CORDOBA,0.0,MONTERIA,365.0,INTENTO DE SUICIDIO CON MECANISMO INTOXICACIÓN,4,4,6,4,3,5,7,5,4,1,7,3,5,4,3,1,66,8.7558921,-75.887029
5084,0,CORDOBA,0.0,MONTERIA,,INTOXICACIONES,4,2,1,2,2,5,2,5,1,1,0,2,1,0,5,2,35,8.7558921,-75.887029
5085,0,CORDOBA,0.0,MONTERIA,420.0,LEISHMANIASIS CUTANEA,0,0,0,0,1,0,0,0,1,0,0,1,0,0,0,0,3,8.7558921,-75.887029
5086,0,CORDOBA,0.0,MONTERIA,465.0,MALARIA (TODAS LAS FORMAS),0,1,1,0,4,2,5,34,13,17,2,3,4,9,8,5,108,8.7558921,-75.887029
5087,0,CORDOBA,0.0,MONTERIA,535.0,MENINGITIS BACTERIANA Y ENFERMEDAD MENINGOCÓCICA,0,0,0,0,1,0,0,0,1,0,0,0,0,1,0,0,3,8.7558921,-75.887029
5088,0,CORDOBA,0.0,MONTERIA,549.0,MORBILIDAD MATERNA EXTREMA,5,3,3,5,0,5,3,9,2,2,4,2,1,1,6,5,56,8.7558921,-75.887029
5089,0,CORDOBA,0.0,MONTERIA,551.0,MORTALIDAD MATERNA TEMPRANA,2,0,2,0,1,0,0,0,1,0,1,0,0,0,0,0,7,8.7558921,-75.887029
5090,0,CORDOBA,0.0,MONTERIA,560.0,MORTALIDAD PERINATAL Y NEONATAL TARDÍA,2,1,2,4,3,3,4,2,4,6,1,4,2,6,2,3,49,8.7558921,-75.887029
5091,0,CORDOBA,0.0,MONTERIA,620.0,PAROTIDITIS,1,0,0,1,1,1,0,2,0,1,1,0,0,0,0,1,9,8.7558921,-75.887029
5092,0,CORDOBA,0.0,MONTERIA,740.0,SIFILIS CONGENITA,0,0,0,2,0,0,0,0,0,1,0,1,0,0,0,1,5,8.7558921,-75.887029
5093,0,CORDOBA,0.0,MONTERIA,750.0,SIFILIS GESTACIONAL,4,2,4,5,0,0,0,4,5,5,2,5,4,0,0,4,44,8.7558921,-75.887029
5094,0,CORDOBA,0.0,MONTERIA,813.0,TUBERCULOSIS,0,3,2,1,3,2,1,2,4,3,2,2,0,2,1,1,29,8.7558921,-75.887029
5095,0,CORDOBA,0.0,MONTERIA,831.0,VARICELA INDIVIDUAL,3,3,2,4,2,4,2,0,0,1,2,2,3,3,1,0,32,8.7558921,-75.887029
5096,0,CORDOBA,0.0,MONTERIA,850.0,VIH/SIDA/MORTALIDAD POR SIDA,2,3,7,3,2,5,3,2,5,2,3,7,1,2,6,7,60,8.7558921,-75.887029
5097,0,CORDOBA,0.0,MONTERIA,875.0,VIGILANCIA EN SALUD PÚBLICA DE LA VIOLENCIA DE GÉNERO E INTRAFAMILIAR,12,17,17,22,32,19,22,23,22,43,18,32,26,26,19,15,365,8.7558921,-75.887029
5098,0,CORDOBA,0.0,Total MONTERIA,,,90,83,94,101,93,96,104,139,117,118,83,105,81,91,91,72,1558,,
5099,0,CORDOBA,68.0,AYAPEL,110.0,BAJO PESO AL NACER,1,0,0,0,0,0,0,0,0,0,1,2,0,0,0,0,4,8.3116711,-75.1445022
5100,0,CORDOBA,0.0,AYAPEL,113.0,DESNUTRICIÓN AGUDA EN MENORES DE 5 AÑOS,0,0,1,0,0,0,1,0,3,2,2,0,0,0,0,0,9,8.3116711,-75.1445022
5101,0,CORDOBA,0.0,AYAPEL,210.0,DENGUE,0,0,1,0,0,1,0,0,0,0,0,0,0,0,0,0,2,8.3116711,-75.1445022
5102,0,CORDOBA,0.0,AYAPEL,215.0,DEFECTOS CONGENITOS,0,0,1,0,0,0,0,0,0,0,0,0,0,0,0,0,1,8.3116711,-75.1445022
5103,0,CORDOBA,0.0,AYAPEL,300.0,AGRESIONES POR ANIMALES POTENCIALMENTE TRANSMISORES DE RABIA,0,1,0,0,4,0,0,2,0,0,0,1,0,3,0,2,13,8.3116711,-75.1445022
5104,0,CORDOBA,0.0,AYAPEL,340.0,"HEPATITIS B, C Y COINFECCIÓN HEPATITIS B Y DELTA",0,1,0,0,0,0,0,0,0,0,0,0,0,0,0,0,1,8.3116711,-75.1445022
5105,0,CORDOBA,0.0,AYAPEL,356.0,INTENTO DE SUICIDIO,0,0,0,0,1,0,0,0,0,0,0,0,1,0,0,0,2,8.3116711,-75.1445022
5106,0,CORDOBA,0.0,AYAPEL,365.0,INTENTO DE SUICIDIO CON MECANISMO INTOXICACIÓN,0,0,0,0,1,0,0,0,0,0,0,0,0,0,0,0,1,8.3116711,-75.1445022
5107,0,CORDOBA,0.0,AYAPEL,,INTOXICACIONES,0,0,0,0,0,0,0,0,0,0,0,0,1,3,0,1,5,8.3116711,-75.1445022
5108,0,CORDOBA,0.0,AYAPEL,465.0,MALARIA (TODAS LAS FORMAS),0,0,0,0,0,0,1,0,1,0,0,0,0,0,0,0,2,8.3116711,-75.1445022
5109,0,CORDOBA,0.0,AYAPEL,549.0,MORBILIDAD MATERNA EXTREMA,1,0,0,1,0,1,0,3,0,0,0,1,0,0,0,0,7,8.3116711,-75.1445022
5110,0,CORDOBA,0.0,AYAPEL,560.0,MORTALIDAD PERINATAL Y NEONATAL TARDÍA,0,0,0,0,0,0,0,0,1,0,0,0,1,0,0,0,2,8.3116711,-75.1445022
5111,0,CORDOBA,0.0,AYAPEL,620.0,PAROTIDITIS,0,0,0,0,0,0,0,0,0,0,0,0,0,1,0,0,1,8.3116711,-75.1445022
5112,0,CORDOBA,0.0,AYAPEL,750.0,SIFILIS GESTACIONAL,0,1,0,1,1,1,0,0,0,0,0,0,0,0,0,0,4,8.3116711,-75.1445022
5113,0,CORDOBA,0.0,AYAPEL,850.0,VIH/SIDA/MORTALIDAD POR SIDA,0,0,0,1,0,0,0,0,0,0,0,0,0,0,0,0,1,8.3116711,-75.1445022
5114,0,CORDOBA,0.0,AYAPEL,875.0,VIGILANCIA EN SALUD PÚBLICA DE LA VIOLENCIA DE GÉNERO E INTRAFAMILIAR,0,2,0,5,1,1,0,0,3,1,0,1,1,5,5,3,28,8.3116711,-75.1445022
5115,0,CORDOBA,0.0,Total AYAPEL,,,2,5,3,8,8,4,2,5,8,3,3,5,4,12,5,6,83,,
5116,0,CORDOBA,79.0,BUENAVISTA,100.0,ACCIDENTE OFIDICO,0,0,0,0,0,0,0,0,0,0,0,0,1,0,1,0,2,8.19029515,-75.45194933214269
5117,0,CORDOBA,0.0,BUENAVISTA,110.0,BAJO PESO AL NACER,0,0,0,1,0,0,0,1,0,0,0,0,0,0,0,0,2,8.19029515,-75.45194933214269
5118,0,CORDOBA,0.0,BUENAVISTA,113.0,DESNUTRICIÓN AGUDA EN MENORES DE 5 AÑOS,0,0,0,0,0,1,0,0,0,0,0,1,0,0,0,0,2,8.19029515,-75.45194933214269
5119,0,CORDOBA,0.0,BUENAVISTA,210.0,DENGUE,0,0,0,0,0,0,0,1,0,0,0,0,0,0,0,0,1,8.19029515,-75.45194933214269
5120,0,CORDOBA,0.0,BUENAVISTA,300.0,AGRESIONES POR ANIMALES POTENCIALMENTE TRANSMISORES DE RABIA,1,0,1,0,0,1,0,1,0,0,2,0,0,2,1,0,9,8.19029515,-75.45194933214269
5121,0,CORDOBA,0.0,BUENAVISTA,356.0,INTENTO DE SUICIDIO,0,0,0,0,0,0,0,0,0,0,0,1,0,0,0,0,1,8.19029515,-75.45194933214269
5122,0,CORDOBA,0.0,BUENAVISTA,365.0,INTENTO DE SUICIDIO CON MECANISMO INTOXICACIÓN,0,0,0,0,0,0,0,0,0,0,0,1,0,0,0,0,1,8.19029515,-75.45194933214269
5123,0,CORDOBA,0.0,BUENAVISTA,,INTOXICACIONES,1,0,0,0,0,0,0,0,0,0,0,0,0,0,0,0,1,8.19029515,-75.45194933214269
5124,0,CORDOBA,0.0,BUENAVISTA,465.0,MALARIA (TODAS LAS FORMAS),0,0,1,1,0,0,0,0,2,1,0,0,0,0,0,0,5,8.19029515,-75.45194933214269
5125,0,CORDOBA,0.0,BUENAVISTA,549.0,MORBILIDAD MATERNA EXTREMA,0,0,0,0,0,0,0,0,1,1,0,0,0,1,0,0,3,8.19029515,-75.45194933214269
5126,0,CORDOBA,0.0,BUENAVISTA,560.0,MORTALIDAD PERINATAL Y NEONATAL TARDÍA,0,1,1,0,0,1,0,0,1,0,0,0,0,1,0,0,5,8.19029515,-75.45194933214269
5127,0,CORDOBA,0.0,BUENAVISTA,831.0,VARICELA INDIVIDUAL,0,0,0,0,0,0,0,0,1,0,0,0,1,0,0,0,2,8.19029515,-75.45194933214269
5128,0,CORDOBA,0.0,BUENAVISTA,850.0,VIH/SIDA/MORTALIDAD POR SIDA,0,0,0,0,0,0,0,0,0,1,0,0,0,0,1,0,2,8.19029515,-75.45194933214269
5129,0,CORDOBA,0.0,BUENAVISTA,875.0,VIGILANCIA EN SALUD PÚBLICA DE LA VIOLENCIA DE GÉNERO E INTRAFAMILIAR,0,0,0,0,0,0,0,0,1,1,0,1,0,0,2,0,5,8.19029515,-75.45194933214269
5130,0,CORDOBA,0.0,Total BUENAVISTA,,,2,1,3,2,0,3,0,3,6,4,2,4,2,4,5,0,41,,
5131,0,CORDOBA,90.0,CANALETE,110.0,BAJO PESO AL NACER,1,0,0,0,0,0,0,1,0,1,0,0,0,0,0,1,4,8.7128498,-76.25202529573784
5132,0,CORDOBA,0.0,CANALETE,113.0,DESNUTRICIÓN AGUDA EN MENORES DE 5 AÑOS,0,0,0,0,0,0,0,0,0,0,0,1,0,0,0,1,2,8.7128498,-76.25202529573784
5133,0,CORDOBA,0.0,CANALETE,210.0,DENGUE,1,1,1,0,0,0,2,4,0,1,0,1,1,0,2,0,14,8.7128498,-76.25202529573784
5134,0,CORDOBA,0.0,CANALETE,300.0,AGRESIONES POR ANIMALES POTENCIALMENTE TRANSMISORES DE RABIA,0,1,1,1,1,2,0,1,0,1,0,2,0,1,2,0,13,8.7128498,-76.25202529573784
5135,0,CORDOBA,0.0,CANALETE,352.0,INFECCIONES DE SITIO QUIRÚRGICO ASOCIADAS A PROCEDIMIENTO MÉDICO QUIRÚRGICO,1,0,0,0,0,0,0,0,0,0,0,0,0,0,0,0,1,8.7128498,-76.25202529573784
5136,0,CORDOBA,0.0,CANALETE,365.0,INTOXICACIONES,0,0,0,0,0,0,0,0,0,0,0,0,1,0,0,0,1,8.7128498,-76.25202529573784
5137,0,CORDOBA,0.0,CANALETE,465.0,MALARIA (TODAS LAS FORMAS),1,1,1,0,0,2,1,0,0,1,0,0,1,0,0,0,8,8.7128498,-76.25202529573784
5138,0,CORDOBA,0.0,CANALETE,549.0,MORBILIDAD MATERNA EXTREMA,1,0,0,1,0,0,0,1,0,1,0,0,1,0,0,0,5,8.7128498,-76.25202529573784
5139,0,CORDOBA,0.0,CANALETE,831.0,VARICELA INDIVIDUAL,0,1,0,0,1,0,0,0,0,0,0,0,0,0,0,0,2,8.7128498,-76.25202529573784
5140,0,CORDOBA,0.0,CANALETE,850.0,VIH/SIDA/MORTALIDAD POR SIDA,0,0,0,0,0,0,0,1,0,0,0,0,0,0,0,0,1,8.7128498,-76.25202529573784
5141,0,CORDOBA,0.0,CANALETE,875.0,VIGILANCIA EN SALUD PÚBLICA DE LA VIOLENCIA DE GÉNERO E INTRAFAMILIAR,1,0,0,1,0,0,2,0,0,1,0,0,1,0,0,0,6,8.7128498,-76.25202529573784
5142,0,CORDOBA,0.0,Total CANALETE,,,6,4,3,3,2,4,5,8,0,6,0,4,5,1,4,2,57,,
5143,0,CORDOBA,162.0,CERETE,100.0,ACCIDENTE OFIDICO,0,0,0,0,0,0,1,0,0,0,0,0,0,0,0,0,1,8.8884178,-75.84239456572658
5144,0,CORDOBA,0.0,CERETE,110.0,BAJO PESO AL NACER,0,3,1,1,0,0,0,1,1,0,0,1,1,0,0,0,9,8.8884178,-75.84239456572658
5145,0,CORDOBA,0.0,CERETE,113.0,DESNUTRICIÓN AGUDA EN MENORES DE 5 AÑOS,2,0,1,1,0,1,0,0,0,0,0,0,0,0,0,0,5,8.8884178,-75.84239456572658
5146,0,CORDOBA,0.0,CERETE,210.0,DENGUE,0,1,0,1,0,2,0,0,0,1,1,0,0,0,0,1,7,8.8884178,-75.84239456572658
5147,0,CORDOBA,0.0,CERETE,215.0,DEFECTOS CONGENITOS,0,0,0,0,0,0,0,0,1,0,0,0,0,0,0,0,1,8.8884178,-75.84239456572658
5148,0,CORDOBA,0.0,CERETE,300.0,AGRESIONES POR ANIMALES POTENCIALMENTE TRANSMISORES DE RABIA,7,5,6,5,4,7,7,3,8,9,8,3,7,2,5,4,90,8.8884178,-75.84239456572658
5149,0,CORDOBA,0.0,CERETE,340.0,"HEPATITIS B, C Y COINFECCIÓN HEPATITIS B Y DELTA",0,0,0,0,0,0,0,1,0,0,0,0,0,0,0,0,1,8.8884178,-75.84239456572658
5150,0,CORDOBA,0.0,CERETE,356.0,INTENTO DE SUICIDIO,0,0,1,0,1,1,2,0,0,4,0,1,2,0,1,1,14,8.8884178,-75.84239456572658
5151,0,CORDOBA,0.0,CERETE,365.0,INTENTO DE SUICIDIO CON MECANISMO INTOXICACIÓN,0,0,0,0,1,1,2,0,0,3,0,1,1,0,1,0,10,8.8884178,-75.84239456572658
5152,0,CORDOBA,0.0,CERETE,,INTOXICACIONES,1,0,0,0,0,2,1,2,1,0,0,1,0,1,0,0,9,8.8884178,-75.84239456572658
5153,0,CORDOBA,0.0,CERETE,465.0,MALARIA (TODAS LAS FORMAS),0,0,0,1,0,1,0,0,0,1,0,0,0,0,0,0,3,8.8884178,-75.84239456572658
5154,0,CORDOBA,0.0,CERETE,535.0,MENINGITIS BACTERIANA Y ENFERMEDAD MENINGOCÓCICA,1,0,0,0,0,0,0,0,0,0,0,0,0,0,0,0,1,8.8884178,-75.84239456572658
5155,0,CORDOBA,0.0,CERETE,549.0,MORBILIDAD MATERNA EXTREMA,0,0,0,1,2,0,0,0,1,0,0,1,0,1,1,0,7,8.8884178,-75.84239456572658
5156,0,CORDOBA,0.0,CERETE,560.0,MORTALIDAD PERINATAL Y NEONATAL TARDÍA,2,0,1,1,2,0,1,0,0,0,1,0,0,2,0,0,10,8.8884178,-75.84239456572658
5157,0,CORDOBA,0.0,CERETE,620.0,PAROTIDITIS,0,0,0,1,0,0,0,0,0,0,0,1,0,0,0,0,2,8.8884178,-75.84239456572658
5158,0,CORDOBA,0.0,CERETE,750.0,SIFILIS GESTACIONAL,0,2,0,1,0,1,0,0,1,0,0,1,0,1,0,0,7,8.8884178,-75.84239456572658
5159,0,CORDOBA,0.0,CERETE,813.0,TUBERCULOSIS,0,0,0,1,2,1,0,1,0,0,0,0,0,1,1,0,7,8.8884178,-75.84239456572658
5160,0,CORDOBA,0.0,CERETE,831.0,VARICELA INDIVIDUAL,0,0,0,0,1,1,0,0,0,0,1,0,0,0,0,0,3,8.8884178,-75.84239456572658
5161,0,CORDOBA,0.0,CERETE,850.0,VIH/SIDA/MORTALIDAD POR SIDA,0,1,1,1,0,1,0,2,0,1,0,1,0,2,0,0,10,8.8884178,-75.84239456572658
5162,0,CORDOBA,0.0,CERETE,875.0,VIGILANCIA EN SALUD PÚBLICA DE LA VIOLENCIA DE GÉNERO E INTRAFAMILIAR,1,4,2,4,4,4,6,4,5,2,2,4,4,2,0,2,50,8.8884178,-75.84239456572658
5163,0,CORDOBA,0.0,Total CERETE,,,14,16,13,19,17,23,20,14,18,21,13,15,15,12,9,8,247,,
5164,0,CORDOBA,168.0,CHIMA,113.0,DESNUTRICIÓN AGUDA EN MENORES DE 5 AÑOS,0,0,0,0,0,0,0,0,1,0,0,0,0,0,0,1,2,9.10226505,-75.65938133293326
5165,0,CORDOBA,0.0,CHIMA,210.0,DENGUE,0,0,0,0,1,0,0,0,0,0,0,0,0,0,0,0,1,9.10226505,-75.65938133293326
5166,0,CORDOBA,0.0,CHIMA,300.0,AGRESIONES POR ANIMALES POTENCIALMENTE TRANSMISORES DE RABIA,1,0,1,0,0,0,0,0,0,0,0,0,1,0,0,0,3,9.10226505,-75.65938133293326
5167,0,CORDOBA,0.0,CHIMA,356.0,INTENTO DE SUICIDIO,0,0,0,0,0,1,0,0,0,0,0,0,0,0,0,0,1,9.10226505,-75.65938133293326
5168,0,CORDOBA,0.0,CHIMA,365.0,INTENTO DE SUICIDIO CON MECANISMO INTOXICACIÓN,0,0,0,0,0,1,0,0,0,0,0,0,0,0,0,0,1,9.10226505,-75.65938133293326
5169,0,CORDOBA,0.0,CHIMA,,INTOXICACIONES,0,0,1,0,0,0,0,0,0,0,0,0,0,0,0,0,1,9.10226505,-75.65938133293326
5170,0,CORDOBA,0.0,CHIMA,549.0,MORBILIDAD MATERNA EXTREMA,0,0,0,0,0,0,0,0,0,0,0,0,0,0,0,1,1,9.10226505,-75.65938133293326
5171,0,CORDOBA,0.0,CHIMA,560.0,MORTALIDAD PERINATAL Y NEONATAL TARDÍA,0,0,0,0,0,0,0,1,0,0,0,0,0,0,0,0,1,9.10226505,-75.65938133293326
5172,0,CORDOBA,0.0,CHIMA,750.0,SIFILIS GESTACIONAL,0,0,0,0,0,0,0,0,0,0,1,0,0,0,0,0,1,9.10226505,-75.65938133293326
5173,0,CORDOBA,0.0,CHIMA,831.0,VARICELA INDIVIDUAL,0,0,0,0,0,0,1,0,0,0,0,0,0,0,0,0,1,9.10226505,-75.65938133293326
5174,0,CORDOBA,0.0,CHIMA,875.0,VIGILANCIA EN SALUD PÚBLICA DE LA VIOLENCIA DE GÉNERO E INTRAFAMILIAR,0,0,0,0,0,0,0,0,0,0,0,0,1,0,0,0,1,9.10226505,-75.65938133293326
5175,0,CORDOBA,0.0,Total CHIMA,,,1,0,2,0,1,2,1,1,1,0,1,0,2,0,0,2,14,,
5176,0,CORDOBA,182.0,CHINU,100.0,ACCIDENTE OFIDICO,0,0,0,0,0,0,0,1,0,0,0,0,0,0,0,0,1,9.02310485,-75.38662749412637
5177,0,CORDOBA,0.0,CHINU,110.0,BAJO PESO AL NACER,0,0,0,0,0,0,0,0,0,1,0,0,2,0,1,0,4,9.02310485,-75.38662749412637
5178,0,CORDOBA,0.0,CHINU,210.0,DENGUE,0,1,2,1,0,0,0,2,0,1,1,1,0,1,0,0,10,9.02310485,-75.38662749412637
5179,0,CORDOBA,0.0,CHINU,300.0,AGRESIONES POR ANIMALES POTENCIALMENTE TRANSMISORES DE RABIA,0,5,1,0,3,1,0,1,3,2,0,2,2,1,1,0,22,9.02310485,-75.38662749412637
5180,0,CORDOBA,0.0,CHINU,340.0,"HEPATITIS B, C Y COINFECCIÓN HEPATITIS B Y DELTA",0,0,1,0,0,0,0,0,0,0,0,0,0,0,0,0,1,9.02310485,-75.38662749412637
5181,0,CORDOBA,0.0,CHINU,356.0,INTENTO DE SUICIDIO,0,0,1,0,0,2,0,0,0,0,1,1,0,2,1,0,8,9.02310485,-75.38662749412637
5182,0,CORDOBA,0.0,CHINU,365.0,INTENTO DE SUICIDIO CON MECANISMO INTOXICACIÓN,0,0,0,0,0,2,0,0,0,0,1,1,0,2,1,0,7,9.02310485,-75.38662749412637
5183,0,CORDOBA,0.0,CHINU,,INTOXICACIONES,1,0,0,0,1,2,0,1,0,0,1,1,0,2,1,0,10,9.02310485,-75.38662749412637
5184,0,CORDOBA,0.0,CHINU,420.0,LEISHMANIASIS CUTANEA,0,0,0,1,0,0,0,0,0,0,0,0,0,0,0,0,1,9.02310485,-75.38662749412637
5185,0,CORDOBA,0.0,CHINU,465.0,MALARIA (TODAS LAS FORMAS),0,0,0,0,0,0,0,0,0,0,1,0,0,0,0,0,1,9.02310485,-75.38662749412637
5186,0,CORDOBA,0.0,CHINU,549.0,MORBILIDAD MATERNA EXTREMA,0,0,3,0,1,0,1,0,1,2,1,0,3,5,4,0,21,9.02310485,-75.38662749412637
5187,0,CORDOBA,0.0,CHINU,740.0,SIFILIS CONGENITA,0,0,0,0,0,0,0,0,1,0,0,1,0,0,0,0,2,9.02310485,-75.38662749412637
5188,0,CORDOBA,0.0,CHINU,750.0,SIFILIS GESTACIONAL,1,1,1,0,0,2,0,0,0,0,1,0,0,1,0,0,7,9.02310485,-75.38662749412637
5189,0,CORDOBA,0.0,CHINU,813.0,TUBERCULOSIS,0,1,0,0,0,0,0,0,0,1,0,0,0,0,0,0,2,9.02310485,-75.38662749412637
5190,0,CORDOBA,0.0,CHINU,831.0,VARICELA INDIVIDUAL,0,0,0,0,0,0,0,0,0,0,0,1,0,0,0,0,1,9.02310485,-75.38662749412637
5191,0,CORDOBA,0.0,CHINU,850.0,VIH/SIDA/MORTALIDAD POR SIDA,0,0,1,0,0,0,0,0,0,1,0,1,0,0,0,0,3,9.02310485,-75.38662749412637
5192,0,CORDOBA,0.0,CHINU,875.0,VIGILANCIA EN SALUD PÚBLICA DE LA VIOLENCIA DE GÉNERO E INTRAFAMILIAR,0,4,0,0,0,2,0,1,0,0,1,2,0,0,0,1,11,9.02310485,-75.38662749412637
5193,0,CORDOBA,0.0,Total CHINU,,,2,12,10,2,5,11,1,6,5,8,8,11,7,14,9,1,112,,
5194,0,CORDOBA,189.0,CIENAGA DE ORO,100.0,ACCIDENTE OFIDICO,0,0,0,0,0,0,0,0,0,0,0,0,0,0,0,1,1,8.8746769,-75.6210036
5195,0,CORDOBA,0.0,CIENAGA DE ORO,110.0,BAJO PESO AL NACER,0,1,0,0,1,0,0,0,0,0,0,0,0,1,0,0,3,8.8746769,-75.6210036
5196,0,CORDOBA,0.0,CIENAGA DE ORO,113.0,DESNUTRICIÓN AGUDA EN MENORES DE 5 AÑOS,0,0,0,0,0,1,0,0,0,0,1,0,0,0,0,0,2,8.8746769,-75.6210036
5197,0,CORDOBA,0.0,CIENAGA DE ORO,210.0,DENGUE,0,0,1,0,0,0,0,0,0,0,0,0,0,1,1,0,3,8.8746769,-75.6210036
5198,0,CORDOBA,0.0,CIENAGA DE ORO,215.0,DEFECTOS CONGENITOS,2,0,0,0,0,0,0,0,0,0,0,0,0,0,0,0,2,8.8746769,-75.6210036
5199,0,CORDOBA,0.0,CIENAGA DE ORO,300.0,AGRESIONES POR ANIMALES POTENCIALMENTE TRANSMISORES DE RABIA,4,4,3,1,0,1,1,1,3,0,2,2,3,3,1,0,29,8.8746769,-75.6210036
5200,0,CORDOBA,0.0,CIENAGA DE ORO,340.0,"HEPATITIS B, C Y COINFECCIÓN HEPATITIS B Y DELTA",0,0,0,0,0,0,0,0,0,0,1,0,0,0,0,0,1,8.8746769,-75.6210036
5201,0,CORDOBA,0.0,CIENAGA DE ORO,352.0,INFECCIONES DE SITIO QUIRÚRGICO ASOCIADAS A PROCEDIMIENTO MÉDICO QUIRÚRGICO,0,0,0,0,0,1,0,0,0,0,0,0,0,0,0,0,1,8.8746769,-75.6210036
5202,0,CORDOBA,0.0,CIENAGA DE ORO,356.0,INTENTO DE SUICIDIO,0,2,0,0,1,0,0,0,1,0,0,0,2,1,1,2,10,8.8746769,-75.6210036
5203,0,CORDOBA,0.0,CIENAGA DE ORO,365.0,INTENTO DE SUICIDIO CON MECANISMO INTOXICACIÓN,0,2,0,0,1,0,0,0,1,0,0,0,2,1,1,1,9,8.8746769,-75.6210036
5204,0,CORDOBA,0.0,CIENAGA DE ORO,,INTOXICACIONES,0,0,0,1,0,1,0,0,0,0,0,0,1,0,0,0,3,8.8746769,-75.6210036
5205,0,CORDOBA,0.0,CIENAGA DE ORO,465.0,MALARIA (TODAS LAS FORMAS),0,0,1,0,0,0,0,0,0,0,0,0,0,0,0,0,1,8.8746769,-75.6210036
5206,0,CORDOBA,0.0,CIENAGA DE ORO,549.0,MORBILIDAD MATERNA EXTREMA,0,0,0,1,2,1,0,1,1,0,1,0,0,1,0,2,10,8.8746769,-75.6210036
5207,0,CORDOBA,0.0,CIENAGA DE ORO,560.0,MORTALIDAD PERINATAL Y NEONATAL TARDÍA,0,0,0,0,0,0,0,0,1,1,0,1,0,0,0,0,3,8.8746769,-75.6210036
5208,0,CORDOBA,0.0,CIENAGA DE ORO,740.0,SIFILIS CONGENITA,0,0,0,1,0,0,0,0,0,0,0,0,0,0,0,0,1,8.8746769,-75.6210036
5209,0,CORDOBA,0.0,CIENAGA DE ORO,750.0,SIFILIS GESTACIONAL,0,0,0,1,0,0,0,0,0,0,1,0,0,0,3,0,5,8.8746769,-75.6210036
5210,0,CORDOBA,0.0,CIENAGA DE ORO,813.0,TUBERCULOSIS,1,0,0,0,0,0,0,0,0,0,0,1,0,0,0,0,2,8.8746769,-75.6210036
5211,0,CORDOBA,0.0,CIENAGA DE ORO,831.0,VARICELA INDIVIDUAL,0,0,0,2,0,0,0,0,1,0,0,0,0,0,0,0,3,8.8746769,-75.6210036
5212,0,CORDOBA,0.0,CIENAGA DE ORO,850.0,VIH/SIDA/MORTALIDAD POR SIDA,0,1,0,0,4,1,0,0,1,0,1,1,0,0,0,0,9,8.8746769,-75.6210036
5213,0,CORDOBA,0.0,CIENAGA DE ORO,875.0,VIGILANCIA EN SALUD PÚBLICA DE LA VIOLENCIA DE GÉNERO E INTRAFAMILIAR,1,2,3,4,2,2,2,0,1,3,2,2,1,2,1,2,30,8.8746769,-75.6210036
5214,0,CORDOBA,0.0,Total CIENAGA DE ORO,,,8,12,8,11,11,8,3,2,10,4,9,7,9,10,8,8,128,,
5215,0,CORDOBA,300.0,COTORRA,113.0,DESNUTRICIÓN AGUDA EN MENORES DE 5 AÑOS,0,3,0,0,0,0,0,0,0,0,0,0,0,0,0,0,3,9.061538500000001,-75.76115675019813
5216,0,CORDOBA,0.0,COTORRA,300.0,AGRESIONES POR ANIMALES POTENCIALMENTE TRANSMISORES DE RABIA,1,1,0,1,0,2,2,1,0,1,2,1,0,1,0,0,13,9.061538500000001,-75.76115675019813
5217,0,CORDOBA,0.0,COTORRA,356.0,INTENTO DE SUICIDIO,0,0,1,0,0,0,0,1,0,0,0,1,0,1,0,1,5,9.061538500000001,-75.76115675019813
5218,0,CORDOBA,0.0,COTORRA,357.0,INFECCIONES ASOCIADAS A DISPOSITIVOS - INDIVIDUAL,0,0,0,0,0,0,0,1,0,0,0,0,0,0,0,0,1,9.061538500000001,-75.76115675019813
5219,0,CORDOBA,0.0,COTORRA,365.0,INTENTO DE SUICIDIO CON MECANISMO INTOXICACIÓN,0,0,0,0,0,0,0,0,0,0,0,1,0,1,0,0,2,9.061538500000001,-75.76115675019813
5220,0,CORDOBA,0.0,COTORRA,535.0,MENINGITIS BACTERIANA Y ENFERMEDAD MENINGOCÓCICA,0,0,0,0,0,0,0,0,1,0,0,0,0,0,0,0,1,9.061538500000001,-75.76115675019813
5221,0,CORDOBA,0.0,COTORRA,750.0,SIFILIS GESTACIONAL,0,0,0,0,0,0,1,0,0,0,0,1,0,0,0,0,2,9.061538500000001,-75.76115675019813
5222,0,CORDOBA,0.0,COTORRA,760.0,TETANOS ACCIDENTAL,0,1,0,0,0,0,0,0,0,0,0,0,0,0,0,0,1,9.061538500000001,-75.76115675019813
5223,0,CORDOBA,0.0,COTORRA,850.0,VIH/SIDA/MORTALIDAD POR SIDA,0,0,0,0,0,0,0,0,0,0,1,0,0,1,0,0,2,9.061538500000001,-75.76115675019813
5224,0,CORDOBA,0.0,COTORRA,875.0,VIGILANCIA EN SALUD PÚBLICA DE LA VIOLENCIA DE GÉNERO E INTRAFAMILIAR,2,0,0,0,0,0,0,0,0,0,0,0,2,2,0,1,7,9.061538500000001,-75.76115675019813
5225,0,CORDOBA,0.0,Total COTORRA,,,3,5,1,1,0,2,3,3,1,1,3,4,2,6,0,2,37,,
5226,0,CORDOBA,350.0,LA APARTADA,100.0,ACCIDENTE OFIDICO,0,0,1,0,0,0,1,0,0,0,0,0,0,0,0,0,2,8.041099899999999,-75.31363290001408
5227,0,CORDOBA,0.0,LA APARTADA,110.0,BAJO PESO AL NACER,0,0,0,0,0,0,0,0,0,0,0,0,1,0,0,0,1,8.041099899999999,-75.31363290001408
5228,0,CORDOBA,0.0,LA APARTADA,113.0,DESNUTRICIÓN AGUDA EN MENORES DE 5 AÑOS,0,0,0,0,2,0,0,0,0,0,0,0,0,0,0,0,2,8.041099899999999,-75.31363290001408
5229,0,CORDOBA,0.0,LA APARTADA,300.0,AGRESIONES POR ANIMALES POTENCIALMENTE TRANSMISORES DE RABIA,0,0,0,0,0,1,1,1,0,0,2,0,0,0,0,0,5,8.041099899999999,-75.31363290001408
5230,0,CORDOBA,0.0,LA APARTADA,465.0,MALARIA (TODAS LAS FORMAS),0,1,0,0,0,1,0,0,0,0,0,0,0,0,0,0,2,8.041099899999999,-75.31363290001408
5231,0,CORDOBA,0.0,LA APARTADA,549.0,MORBILIDAD MATERNA EXTREMA,0,2,0,0,0,0,0,0,0,0,1,0,0,0,0,0,3,8.041099899999999,-75.31363290001408
5232,0,CORDOBA,0.0,LA APARTADA,560.0,MORTALIDAD PERINATAL Y NEONATAL TARDÍA,0,0,0,0,1,0,0,0,0,1,0,0,0,0,0,0,2,8.041099899999999,-75.31363290001408
5233,0,CORDOBA,0.0,LA APARTADA,740.0,SIFILIS CONGENITA,0,0,0,0,0,0,0,0,0,1,0,0,0,0,0,0,1,8.041099899999999,-75.31363290001408
5234,0,CORDOBA,0.0,LA APARTADA,750.0,SIFILIS GESTACIONAL,0,0,0,0,0,0,0,0,0,1,0,0,0,0,0,0,1,8.041099899999999,-75.31363290001408
5235,0,CORDOBA,0.0,LA APARTADA,813.0,TUBERCULOSIS,0,0,0,0,0,0,1,0,0,0,1,0,0,1,0,0,3,8.041099899999999,-75.31363290001408
5236,0,CORDOBA,0.0,LA APARTADA,850.0,VIH/SIDA/MORTALIDAD POR SIDA,0,0,0,0,0,0,0,0,0,0,0,1,0,0,0,0,1,8.041099899999999,-75.31363290001408
5237,0,CORDOBA,0.0,LA APARTADA,875.0,VIGILANCIA EN SALUD PÚBLICA DE LA VIOLENCIA DE GÉNERO E INTRAFAMILIAR,1,1,0,0,1,0,3,0,0,0,0,0,0,2,0,1,9,8.041099899999999,-75.31363290001408
5238,0,CORDOBA,0.0,Total LA APARTADA,,,1,4,1,0,4,2,6,1,0,3,4,1,1,3,0,1,32,,
5239,0,CORDOBA,417.0,LORICA,100.0,ACCIDENTE OFIDICO,0,0,1,0,0,0,0,0,0,0,0,0,0,0,0,0,1,9.189007,-75.87850891819562
5240,0,CORDOBA,0.0,LORICA,110.0,BAJO PESO AL NACER,5,0,1,0,0,3,0,0,4,4,2,0,1,2,2,1,25,9.189007,-75.87850891819562
5241,0,CORDOBA,0.0,LORICA,113.0,DESNUTRICIÓN AGUDA EN MENORES DE 5 AÑOS,0,0,0,1,4,1,0,2,0,0,0,1,0,0,0,1,10,9.189007,-75.87850891819562
5242,0,CORDOBA,0.0,LORICA,210.0,DENGUE,0,0,1,0,0,0,0,0,0,0,0,0,0,0,0,0,1,9.189007,-75.87850891819562
5243,0,CORDOBA,0.0,LORICA,215.0,DEFECTOS CONGENITOS,0,0,0,1,0,1,2,0,0,0,0,0,0,0,0,0,4,9.189007,-75.87850891819562
5244,0,CORDOBA,0.0,LORICA,300.0,AGRESIONES POR ANIMALES POTENCIALMENTE TRANSMISORES DE RABIA,3,7,3,6,7,2,6,3,7,3,8,6,4,1,5,4,75,9.189007,-75.87850891819562
5245,0,CORDOBA,0.0,LORICA,340.0,"HEPATITIS B, C Y COINFECCIÓN HEPATITIS B Y DELTA",0,0,0,0,0,0,0,0,0,0,1,0,0,0,0,0,1,9.189007,-75.87850891819562
5246,0,CORDOBA,0.0,LORICA,352.0,INFECCIONES DE SITIO QUIRÚRGICO ASOCIADAS A PROCEDIMIENTO MÉDICO QUIRÚRGICO,0,0,0,0,0,1,1,0,0,1,0,0,0,0,0,0,3,9.189007,-75.87850891819562
5247,0,CORDOBA,0.0,LORICA,356.0,INTENTO DE SUICIDIO,0,0,0,0,2,1,0,3,1,1,1,1,1,1,0,0,12,9.189007,-75.87850891819562
5248,0,CORDOBA,0.0,LORICA,357.0,INFECCIONES ASOCIADAS A DISPOSITIVOS - INDIVIDUAL,0,0,0,0,0,0,0,1,0,0,0,0,0,0,0,0,1,9.189007,-75.87850891819562
5249,0,CORDOBA,0.0,LORICA,365.0,INTENTO DE SUICIDIO CON MECANISMO INTOXICACIÓN,0,0,0,0,2,1,0,2,1,1,1,1,1,1,0,0,11,9.189007,-75.87850891819562
5250,0,CORDOBA,0.0,LORICA,,INTOXICACIONES,0,0,0,1,1,0,0,0,0,0,0,0,0,0,0,0,2,9.189007,-75.87850891819562
5251,0,CORDOBA,0.0,LORICA,465.0,MALARIA (TODAS LAS FORMAS),0,0,0,1,0,0,1,0,0,0,0,0,0,0,0,0,2,9.189007,-75.87850891819562
5252,0,CORDOBA,0.0,LORICA,549.0,MORBILIDAD MATERNA EXTREMA,0,0,0,0,0,1,0,0,0,1,0,0,0,0,1,0,3,9.189007,-75.87850891819562
5253,0,CORDOBA,0.0,LORICA,551.0,MORTALIDAD MATERNA TEMPRANA,0,0,0,0,0,0,1,0,0,0,0,0,0,0,0,0,1,9.189007,-75.87850891819562
5254,0,CORDOBA,0.0,LORICA,560.0,MORTALIDAD PERINATAL Y NEONATAL TARDÍA,1,0,1,0,1,0,1,0,2,0,1,2,0,1,0,0,10,9.189007,-75.87850891819562
5255,0,CORDOBA,0.0,LORICA,740.0,SIFILIS CONGENITA,0,0,0,0,0,1,0,1,0,1,0,0,0,0,0,0,3,9.189007,-75.87850891819562
5256,0,CORDOBA,0.0,LORICA,750.0,SIFILIS GESTACIONAL,0,0,0,0,0,2,1,1,0,2,2,0,0,3,0,0,11,9.189007,-75.87850891819562
5257,0,CORDOBA,0.0,LORICA,760.0,TETANOS ACCIDENTAL,0,0,0,0,0,0,0,0,0,0,0,0,1,0,0,0,1,9.189007,-75.87850891819562
5258,0,CORDOBA,0.0,LORICA,813.0,TUBERCULOSIS,2,0,0,0,0,0,1,1,1,0,0,0,0,2,1,1,9,9.189007,-75.87850891819562
5259,0,CORDOBA,0.0,LORICA,831.0,VARICELA INDIVIDUAL,0,1,0,0,1,1,0,2,0,0,0,0,0,0,1,0,6,9.189007,-75.87850891819562
5260,0,CORDOBA,0.0,LORICA,850.0,VIH/SIDA/MORTALIDAD POR SIDA,0,0,0,1,2,0,1,0,0,0,1,0,0,0,0,0,5,9.189007,-75.87850891819562
5261,0,CORDOBA,0.0,LORICA,875.0,VIGILANCIA EN SALUD PÚBLICA DE LA VIOLENCIA DE GÉNERO E INTRAFAMILIAR,3,2,3,0,3,4,6,1,4,0,5,3,1,3,2,4,44,9.189007,-75.87850891819562
5262,0,CORDOBA,0.0,Total LORICA,,,14,10,10,11,23,19,21,17,20,14,22,14,9,14,12,11,241,,
5263,0,CORDOBA,419.0,LOS CORDOBAS,110.0,BAJO PESO AL NACER,0,0,1,0,0,0,0,0,0,0,0,0,0,0,0,0,1,8.836172099999999,-76.26766783562658
5264,0,CORDOBA,0.0,LOS CORDOBAS,113.0,DESNUTRICIÓN AGUDA EN MENORES DE 5 AÑOS,0,0,0,0,1,0,0,0,0,0,0,0,0,0,0,0,1,8.836172099999999,-76.26766783562658
5265,0,CORDOBA,0.0,LOS CORDOBAS,210.0,DENGUE,0,0,1,0,0,0,0,0,0,0,0,0,0,0,0,0,1,8.836172099999999,-76.26766783562658
5266,0,CORDOBA,0.0,LOS CORDOBAS,300.0,AGRESIONES POR ANIMALES POTENCIALMENTE TRANSMISORES DE RABIA,0,0,0,2,0,2,2,0,5,0,2,1,1,0,0,1,16,8.836172099999999,-76.26766783562658
5267,0,CORDOBA,0.0,LOS CORDOBAS,356.0,INTENTO DE SUICIDIO,0,0,0,0,1,0,0,0,0,0,0,1,0,0,0,0,2,8.836172099999999,-76.26766783562658
5268,0,CORDOBA,0.0,LOS CORDOBAS,365.0,INTENTO DE SUICIDIO CON MECANISMO INTOXICACIÓN,0,0,0,0,1,0,0,0,0,0,0,1,0,0,0,0,2,8.836172099999999,-76.26766783562658
5269,0,CORDOBA,0.0,LOS CORDOBAS,,INTOXICACIONES,0,0,0,0,0,2,0,0,0,0,0,1,0,0,0,0,3,8.836172099999999,-76.26766783562658
5270,0,CORDOBA,0.0,LOS CORDOBAS,465.0,MALARIA (TODAS LAS FORMAS),1,0,0,0,0,1,0,2,0,0,0,0,0,0,1,0,5,8.836172099999999,-76.26766783562658
5271,0,CORDOBA,0.0,LOS CORDOBAS,549.0,MORBILIDAD MATERNA EXTREMA,0,0,0,0,0,0,0,0,0,0,1,0,0,0,0,0,1,8.836172099999999,-76.26766783562658
5272,0,CORDOBA,0.0,LOS CORDOBAS,560.0,MORTALIDAD PERINATAL Y NEONATAL TARDÍA,0,0,0,0,0,0,1,0,0,0,0,0,0,0,0,0,1,8.836172099999999,-76.26766783562658
5273,0,CORDOBA,0.0,LOS CORDOBAS,875.0,VIGILANCIA EN SALUD PÚBLICA DE LA VIOLENCIA DE GÉNERO E INTRAFAMILIAR,0,2,5,0,1,0,0,0,1,3,0,1,2,0,0,0,15,8.836172099999999,-76.26766783562658
5274,0,CORDOBA,0.0,Total LOS CORDOBAS,,,1,2,7,2,4,5,3,2,6,3,3,5,3,0,1,1,48,,
5275,0,CORDOBA,464.0,MOMIL,113.0,DESNUTRICIÓN AGUDA EN MENORES DE 5 AÑOS,1,0,0,0,0,0,0,0,0,0,0,0,0,0,0,0,1,9.257926999999999,-75.63859409379047
5276,0,CORDOBA,0.0,MOMIL,300.0,AGRESIONES POR ANIMALES POTENCIALMENTE TRANSMISORES DE RABIA,3,4,1,5,0,0,3,1,1,0,3,1,1,1,1,5,30,9.257926999999999,-75.63859409379047
5277,0,CORDOBA,0.0,MOMIL,356.0,INTENTO DE SUICIDIO,0,0,0,0,0,0,0,0,1,1,0,1,0,0,1,0,4,9.257926999999999,-75.63859409379047
5278,0,CORDOBA,0.0,MOMIL,365.0,INTENTO DE SUICIDIO CON MECANISMO INTOXICACIÓN,0,0,0,0,0,0,0,0,1,1,0,1,0,0,0,0,3,9.257926999999999,-75.63859409379047
5279,0,CORDOBA,0.0,MOMIL,420.0,LEISHMANIASIS CUTANEA,0,0,0,0,0,0,1,0,0,0,0,0,0,0,0,0,1,9.257926999999999,-75.63859409379047
5280,0,CORDOBA,0.0,MOMIL,560.0,MORTALIDAD PERINATAL Y NEONATAL TARDÍA,0,1,0,0,0,0,1,0,0,0,0,0,1,0,0,0,3,9.257926999999999,-75.63859409379047
5281,0,CORDOBA,0.0,MOMIL,740.0,SIFILIS CONGENITA,0,0,0,0,1,0,0,0,0,0,0,0,0,0,0,0,1,9.257926999999999,-75.63859409379047
5282,0,CORDOBA,0.0,MOMIL,750.0,SIFILIS GESTACIONAL,0,0,0,0,0,0,0,0,0,0,0,0,1,0,0,0,1,9.257926999999999,-75.63859409379047
5283,0,CORDOBA,0.0,MOMIL,831.0,VARICELA INDIVIDUAL,0,0,0,0,0,0,1,0,0,0,0,0,0,0,0,0,1,9.257926999999999,-75.63859409379047
5284,0,CORDOBA,0.0,MOMIL,850.0,VIH/SIDA/MORTALIDAD POR SIDA,0,0,0,0,0,0,0,0,0,0,0,0,1,0,0,1,2,9.257926999999999,-75.63859409379047
5285,0,CORDOBA,0.0,MOMIL,875.0,VIGILANCIA EN SALUD PÚBLICA DE LA VIOLENCIA DE GÉNERO E INTRAFAMILIAR,0,0,0,1,0,0,0,0,1,0,0,0,0,0,1,0,3,9.257926999999999,-75.63859409379047
5286,0,CORDOBA,0.0,Total MOMIL,,,4,5,1,6,1,0,6,1,4,2,3,3,4,1,3,6,50,,
5287,0,CORDOBA,466.0,MONTELIBANO,100.0,ACCIDENTE OFIDICO,0,1,0,0,0,1,0,0,1,0,0,1,0,0,0,0,4,7.7614791499999995,-75.90677598863051
5288,0,CORDOBA,0.0,MONTELIBANO,110.0,BAJO PESO AL NACER,0,0,0,0,2,0,4,0,0,0,1,3,1,2,2,2,17,7.7614791499999995,-75.90677598863051
5289,0,CORDOBA,0.0,MONTELIBANO,113.0,DESNUTRICIÓN AGUDA EN MENORES DE 5 AÑOS,0,0,0,0,1,2,0,1,0,2,1,0,0,1,0,1,9,7.7614791499999995,-75.90677598863051
5290,0,CORDOBA,0.0,MONTELIBANO,210.0,DENGUE,0,0,1,0,0,0,2,0,2,0,1,1,0,0,0,1,8,7.7614791499999995,-75.90677598863051
5291,0,CORDOBA,0.0,MONTELIBANO,300.0,AGRESIONES POR ANIMALES POTENCIALMENTE TRANSMISORES DE RABIA,1,2,1,1,1,3,1,4,4,2,0,3,4,3,2,4,36,7.7614791499999995,-75.90677598863051
5292,0,CORDOBA,0.0,MONTELIBANO,352.0,INFECCIONES DE SITIO QUIRÚRGICO ASOCIADAS A PROCEDIMIENTO MÉDICO QUIRÚRGICO,0,0,1,0,0,0,0,0,0,0,1,0,0,0,0,0,2,7.7614791499999995,-75.90677598863051
5293,0,CORDOBA,0.0,MONTELIBANO,356.0,INTENTO DE SUICIDIO,0,0,0,0,0,0,0,1,0,0,0,0,1,0,0,0,2,7.7614791499999995,-75.90677598863051
5294,0,CORDOBA,0.0,MONTELIBANO,365.0,INTENTO DE SUICIDIO CON MECANISMO INTOXICACIÓN,0,0,0,0,0,0,0,1,0,0,0,0,1,0,0,0,2,7.7614791499999995,-75.90677598863051
5295,0,CORDOBA,0.0,MONTELIBANO,,INTOXICACIONES,0,0,0,1,0,0,0,0,0,2,0,0,0,0,0,0,3,7.7614791499999995,-75.90677598863051
5296,0,CORDOBA,0.0,MONTELIBANO,420.0,LEISHMANIASIS CUTANEA,0,0,0,0,1,0,0,0,1,0,0,0,0,1,0,0,3,7.7614791499999995,-75.90677598863051
5297,0,CORDOBA,0.0,MONTELIBANO,465.0,MALARIA (TODAS LAS FORMAS),13,8,13,17,21,24,11,13,10,17,17,13,9,6,2,1,195,7.7614791499999995,-75.90677598863051
5298,0,CORDOBA,0.0,MONTELIBANO,549.0,MORBILIDAD MATERNA EXTREMA,1,0,1,0,0,0,0,1,0,0,0,0,0,2,0,0,5,7.7614791499999995,-75.90677598863051
5299,0,CORDOBA,0.0,MONTELIBANO,560.0,MORTALIDAD PERINATAL Y NEONATAL TARDÍA,0,0,1,0,0,0,1,0,0,1,0,0,0,0,1,1,5,7.7614791499999995,-75.90677598863051
5300,0,CORDOBA,0.0,MONTELIBANO,620.0,PAROTIDITIS,0,0,0,0,0,0,0,0,0,0,0,0,0,0,0,1,1,7.7614791499999995,-75.90677598863051
5301,0,CORDOBA,0.0,MONTELIBANO,740.0,SIFILIS CONGENITA,0,0,0,0,0,0,0,0,0,0,0,0,1,0,0,0,1,7.7614791499999995,-75.90677598863051
5302,0,CORDOBA,0.0,MONTELIBANO,750.0,SIFILIS GESTACIONAL,0,1,0,1,0,1,1,0,0,0,0,2,2,0,0,1,9,7.7614791499999995,-75.90677598863051
5303,0,CORDOBA,0.0,MONTELIBANO,813.0,TUBERCULOSIS,0,1,0,0,0,1,0,1,0,0,0,0,0,0,0,1,4,7.7614791499999995,-75.90677598863051
5304,0,CORDOBA,0.0,MONTELIBANO,831.0,VARICELA INDIVIDUAL,0,1,0,1,0,1,0,0,1,0,0,0,0,0,1,0,5,7.7614791499999995,-75.90677598863051
5305,0,CORDOBA,0.0,MONTELIBANO,850.0,VIH/SIDA/MORTALIDAD POR SIDA,1,0,1,0,0,0,0,0,0,1,1,0,0,2,1,1,8,7.7614791499999995,-75.90677598863051
5306,0,CORDOBA,0.0,MONTELIBANO,875.0,VIGILANCIA EN SALUD PÚBLICA DE LA VIOLENCIA DE GÉNERO E INTRAFAMILIAR,0,1,0,1,0,2,2,2,2,1,1,0,1,2,1,0,16,7.7614791499999995,-75.90677598863051
5307,0,CORDOBA,0.0,Total MONTELIBANO,,,16,15,19,22,26,35,22,24,21,26,23,23,20,19,10,14,335,,
5308,0,CORDOBA,500.0,MOÑITOS,110.0,BAJO PESO AL NACER,1,0,0,1,0,0,0,0,0,0,0,0,1,0,0,0,3,9.19958045,-76.12559589713143
5309,0,CORDOBA,0.0,MOÑITOS,210.0,DENGUE,0,0,0,0,0,1,0,0,0,0,0,0,0,0,0,0,1,9.19958045,-76.12559589713143
5310,0,CORDOBA,0.0,MOÑITOS,300.0,AGRESIONES POR ANIMALES POTENCIALMENTE TRANSMISORES DE RABIA,0,1,0,0,1,1,0,1,0,0,1,0,0,0,1,0,6,9.19958045,-76.12559589713143
5311,0,CORDOBA,0.0,MOÑITOS,356.0,INTENTO DE SUICIDIO,0,0,0,0,0,0,0,1,0,0,0,0,0,0,0,0,1,9.19958045,-76.12559589713143
5312,0,CORDOBA,0.0,MOÑITOS,365.0,INTENTO DE SUICIDIO CON MECANISMO INTOXICACIÓN,0,0,0,0,0,0,0,1,0,0,0,0,0,0,0,0,1,9.19958045,-76.12559589713143
5313,0,CORDOBA,0.0,MOÑITOS,,INTOXICACIONES,0,0,0,0,0,1,0,1,0,0,0,0,0,2,0,0,4,9.19958045,-76.12559589713143
5314,0,CORDOBA,0.0,MOÑITOS,420.0,LEISHMANIASIS CUTANEA,0,0,0,0,0,0,0,0,0,0,0,0,0,1,0,0,1,9.19958045,-76.12559589713143
5315,0,CORDOBA,0.0,MOÑITOS,549.0,MORBILIDAD MATERNA EXTREMA,0,1,0,0,0,0,2,0,0,0,0,0,1,1,0,0,5,9.19958045,-76.12559589713143
5316,0,CORDOBA,0.0,MOÑITOS,560.0,MORTALIDAD PERINATAL Y NEONATAL TARDÍA,1,0,0,0,0,0,1,1,0,1,1,0,0,0,0,0,5,9.19958045,-76.12559589713143
5317,0,CORDOBA,0.0,MOÑITOS,620.0,PAROTIDITIS,0,1,0,0,0,0,0,0,0,0,0,0,0,0,0,0,1,9.19958045,-76.12559589713143
5318,0,CORDOBA,0.0,MOÑITOS,831.0,VARICELA INDIVIDUAL,0,0,0,0,0,0,0,0,0,1,1,0,0,0,0,0,2,9.19958045,-76.12559589713143
5319,0,CORDOBA,0.0,MOÑITOS,850.0,VIH/SIDA/MORTALIDAD POR SIDA,0,0,2,0,0,0,0,2,0,0,1,0,0,0,0,0,5,9.19958045,-76.12559589713143
5320,0,CORDOBA,0.0,MOÑITOS,875.0,VIGILANCIA EN SALUD PÚBLICA DE LA VIOLENCIA DE GÉNERO E INTRAFAMILIAR,1,1,0,0,0,0,1,0,0,0,0,0,1,0,2,0,6,9.19958045,-76.12559589713143
5321,0,CORDOBA,0.0,Total MOÑITOS,,,3,4,2,1,1,3,4,7,0,2,4,0,3,4,3,0,41,,
5322,0,CORDOBA,555.0,PLANETA RICA,100.0,ACCIDENTE OFIDICO,0,1,0,0,0,0,0,0,0,0,0,0,0,0,0,0,1,8.305347300000001,-75.60640823617896
5323,0,CORDOBA,0.0,PLANETA RICA,110.0,BAJO PESO AL NACER,0,0,1,1,1,0,0,0,1,1,0,0,0,0,0,1,6,8.305347300000001,-75.60640823617896
5324,0,CORDOBA,0.0,PLANETA RICA,113.0,DESNUTRICIÓN AGUDA EN MENORES DE 5 AÑOS,0,0,0,0,1,0,0,1,0,0,0,0,0,0,0,0,2,8.305347300000001,-75.60640823617896
5325,0,CORDOBA,0.0,PLANETA RICA,210.0,DENGUE,0,0,0,0,0,0,0,0,0,2,1,0,0,1,0,1,5,8.305347300000001,-75.60640823617896
5326,0,CORDOBA,0.0,PLANETA RICA,300.0,AGRESIONES POR ANIMALES POTENCIALMENTE TRANSMISORES DE RABIA,3,1,2,4,3,4,0,1,3,3,2,1,3,3,1,1,35,8.305347300000001,-75.60640823617896
5327,0,CORDOBA,0.0,PLANETA RICA,356.0,INTENTO DE SUICIDIO,1,0,2,1,1,0,0,1,0,0,1,1,1,2,0,0,11,8.305347300000001,-75.60640823617896
5328,0,CORDOBA,0.0,PLANETA RICA,357.0,INFECCIONES ASOCIADAS A DISPOSITIVOS - INDIVIDUAL,0,0,0,0,0,0,0,0,0,0,0,0,0,0,0,1,1,8.305347300000001,-75.60640823617896
5329,0,CORDOBA,0.0,PLANETA RICA,365.0,INTENTO DE SUICIDIO CON MECANISMO INTOXICACIÓN,1,0,1,1,1,0,0,1,0,0,1,0,1,2,0,0,9,8.305347300000001,-75.60640823617896
5330,0,CORDOBA,0.0,PLANETA RICA,,INTOXICACIONES,0,0,0,0,0,0,0,0,0,0,1,0,1,3,0,0,5,8.305347300000001,-75.60640823617896
5331,0,CORDOBA,0.0,PLANETA RICA,465.0,MALARIA (TODAS LAS FORMAS),2,0,2,0,0,0,2,0,0,0,1,0,1,2,0,0,10,8.305347300000001,-75.60640823617896
5332,0,CORDOBA,0.0,PLANETA RICA,549.0,MORBILIDAD MATERNA EXTREMA,0,1,1,0,0,0,0,0,0,1,0,0,1,0,0,1,5,8.305347300000001,-75.60640823617896
5333,0,CORDOBA,0.0,PLANETA RICA,560.0,MORTALIDAD PERINATAL Y NEONATAL TARDÍA,0,0,1,2,1,1,0,0,0,0,0,1,0,0,2,1,9,8.305347300000001,-75.60640823617896
5334,0,CORDOBA,0.0,PLANETA RICA,620.0,PAROTIDITIS,0,1,0,0,0,0,0,0,0,0,0,0,0,0,0,0,1,8.305347300000001,-75.60640823617896
5335,0,CORDOBA,0.0,PLANETA RICA,740.0,SIFILIS CONGENITA,0,1,0,0,0,0,0,0,0,0,0,0,0,0,0,0,1,8.305347300000001,-75.60640823617896
5336,0,CORDOBA,0.0,PLANETA RICA,750.0,SIFILIS GESTACIONAL,1,1,0,1,0,0,1,0,0,0,0,1,0,0,1,2,8,8.305347300000001,-75.60640823617896
5337,0,CORDOBA,0.0,PLANETA RICA,813.0,TUBERCULOSIS,0,0,0,0,1,1,0,0,0,2,0,0,0,1,0,0,5,8.305347300000001,-75.60640823617896
5338,0,CORDOBA,0.0,PLANETA RICA,,TUBERCULOSIS FARMACORRESISTENTE,0,0,0,0,0,0,0,0,0,0,0,0,0,1,0,0,1,8.305347300000001,-75.60640823617896
5339,0,CORDOBA,0.0,PLANETA RICA,831.0,VARICELA INDIVIDUAL,0,0,0,1,0,0,1,0,0,1,0,0,0,0,0,0,3,8.305347300000001,-75.60640823617896
5340,0,CORDOBA,0.0,PLANETA RICA,850.0,VIH/SIDA/MORTALIDAD POR SIDA,1,1,0,0,2,0,0,1,0,0,0,0,0,0,0,0,5,8.305347300000001,-75.60640823617896
5341,0,CORDOBA,0.0,PLANETA RICA,875.0,VIGILANCIA EN SALUD PÚBLICA DE LA VIOLENCIA DE GÉNERO E INTRAFAMILIAR,0,3,2,5,3,5,2,3,1,1,2,2,1,2,1,1,34,8.305347300000001,-75.60640823617896
5342,0,CORDOBA,0.0,PLANETA RICA,895.0,ZIKA,0,0,0,0,0,1,0,0,0,0,0,0,0,0,0,0,1,8.305347300000001,-75.60640823617896
5343,0,CORDOBA,0.0,Total PLANETA RICA,,,9,10,12,16,14,12,6,8,5,11,9,6,9,17,5,9,158,,
5344,0,CORDOBA,570.0,PUEBLO NUEVO,110.0,BAJO PESO AL NACER,0,0,0,1,0,0,0,0,0,0,0,2,1,0,0,1,5,8.4625524,-75.40046403716812
5345,0,CORDOBA,0.0,PUEBLO NUEVO,210.0,DENGUE,0,0,0,0,0,1,2,1,1,0,1,0,0,0,0,1,7,8.4625524,-75.40046403716812
5346,0,CORDOBA,0.0,PUEBLO NUEVO,215.0,DEFECTOS CONGENITOS,0,0,0,1,0,0,0,0,0,0,0,0,0,0,0,0,1,8.4625524,-75.40046403716812
5347,0,CORDOBA,0.0,PUEBLO NUEVO,300.0,AGRESIONES POR ANIMALES POTENCIALMENTE TRANSMISORES DE RABIA,1,0,0,0,0,3,0,1,2,1,0,1,1,0,2,1,13,8.4625524,-75.40046403716812
5348,0,CORDOBA,0.0,PUEBLO NUEVO,356.0,INTENTO DE SUICIDIO,0,1,0,1,1,0,0,1,0,1,1,1,0,1,1,0,9,8.4625524,-75.40046403716812
5349,0,CORDOBA,0.0,PUEBLO NUEVO,365.0,INTENTO DE SUICIDIO CON MECANISMO INTOXICACIÓN,0,1,0,1,1,0,0,1,0,1,1,1,0,1,1,0,9,8.4625524,-75.40046403716812
5350,0,CORDOBA,0.0,PUEBLO NUEVO,,INTOXICACIONES,0,0,0,0,0,1,0,0,0,0,2,0,0,0,0,0,3,8.4625524,-75.40046403716812
5351,0,CORDOBA,0.0,PUEBLO NUEVO,549.0,MORBILIDAD MATERNA EXTREMA,0,0,1,0,0,0,1,0,0,0,0,0,0,0,0,0,2,8.4625524,-75.40046403716812
5352,0,CORDOBA,0.0,PUEBLO NUEVO,560.0,MORTALIDAD PERINATAL Y NEONATAL TARDÍA,0,0,0,0,1,0,0,0,1,0,0,0,0,0,0,0,2,8.4625524,-75.40046403716812
5353,0,CORDOBA,0.0,PUEBLO NUEVO,750.0,SIFILIS GESTACIONAL,2,0,0,1,0,1,1,0,0,0,0,1,0,0,0,0,6,8.4625524,-75.40046403716812
5354,0,CORDOBA,0.0,PUEBLO NUEVO,813.0,TUBERCULOSIS,0,0,0,0,0,1,1,0,1,0,0,0,0,0,0,0,3,8.4625524,-75.40046403716812
5355,0,CORDOBA,0.0,PUEBLO NUEVO,831.0,VARICELA INDIVIDUAL,0,0,0,0,0,0,0,1,0,1,0,0,0,0,0,0,2,8.4625524,-75.40046403716812
5356,0,CORDOBA,0.0,PUEBLO NUEVO,850.0,VIH/SIDA/MORTALIDAD POR SIDA,0,0,0,0,0,0,1,0,0,0,0,1,0,0,0,0,2,8.4625524,-75.40046403716812
5357,0,CORDOBA,0.0,PUEBLO NUEVO,875.0,VIGILANCIA EN SALUD PÚBLICA DE LA VIOLENCIA DE GÉNERO E INTRAFAMILIAR,2,2,0,2,1,2,3,1,3,0,4,3,0,2,0,1,26,8.4625524,-75.40046403716812
5358,0,CORDOBA,0.0,Total PUEBLO NUEVO,,,5,4,1,7,4,9,9,6,8,4,9,10,2,4,4,4,90,,
5359,0,CORDOBA,574.0,PUERTO ESCONDIDO,110.0,BAJO PESO AL NACER,0,0,0,0,1,0,0,0,0,0,0,0,0,0,0,0,1,8.9954112,-76.16621300973387
5360,0,CORDOBA,0.0,PUERTO ESCONDIDO,113.0,DESNUTRICIÓN AGUDA EN MENORES DE 5 AÑOS,0,0,0,0,1,0,0,0,0,1,0,0,0,0,0,0,2,8.9954112,-76.16621300973387
5361,0,CORDOBA,0.0,PUERTO ESCONDIDO,210.0,DENGUE,0,0,0,0,0,0,0,0,3,1,0,0,0,0,0,0,4,8.9954112,-76.16621300973387
5362,0,CORDOBA,0.0,PUERTO ESCONDIDO,215.0,DEFECTOS CONGENITOS,0,0,0,0,0,1,0,0,0,0,1,0,0,0,0,0,2,8.9954112,-76.16621300973387
5363,0,CORDOBA,0.0,PUERTO ESCONDIDO,220.0,DENGUE GRAVE,0,0,0,0,0,0,0,0,0,1,0,0,0,0,0,0,1,8.9954112,-76.16621300973387
5364,0,CORDOBA,0.0,PUERTO ESCONDIDO,300.0,AGRESIONES POR ANIMALES POTENCIALMENTE TRANSMISORES DE RABIA,0,2,0,2,3,1,2,1,4,1,0,1,0,1,2,2,22,8.9954112,-76.16621300973387
5365,0,CORDOBA,0.0,PUERTO ESCONDIDO,365.0,INTOXICACIONES,0,0,0,0,0,0,0,0,1,0,0,1,0,0,0,0,2,8.9954112,-76.16621300973387
5366,0,CORDOBA,0.0,PUERTO ESCONDIDO,420.0,LEISHMANIASIS CUTANEA,0,1,0,0,0,0,0,0,0,0,0,0,0,0,0,0,1,8.9954112,-76.16621300973387
5367,0,CORDOBA,0.0,PUERTO ESCONDIDO,465.0,MALARIA (TODAS LAS FORMAS),1,0,0,3,0,1,0,0,0,0,0,0,1,0,3,0,9,8.9954112,-76.16621300973387
5368,0,CORDOBA,0.0,PUERTO ESCONDIDO,549.0,MORBILIDAD MATERNA EXTREMA,0,0,1,0,0,0,0,0,0,0,0,0,0,0,0,0,1,8.9954112,-76.16621300973387
5369,0,CORDOBA,0.0,PUERTO ESCONDIDO,560.0,MORTALIDAD PERINATAL Y NEONATAL TARDÍA,0,0,0,0,0,0,0,0,1,0,0,0,0,0,0,0,1,8.9954112,-76.16621300973387
5370,0,CORDOBA,0.0,PUERTO ESCONDIDO,750.0,SIFILIS GESTACIONAL,0,0,0,0,0,0,0,1,0,0,0,0,0,0,0,0,1,8.9954112,-76.16621300973387
5371,0,CORDOBA,0.0,PUERTO ESCONDIDO,875.0,VIGILANCIA EN SALUD PÚBLICA DE LA VIOLENCIA DE GÉNERO E INTRAFAMILIAR,0,0,0,1,0,1,0,0,0,0,0,0,1,0,1,0,4,8.9954112,-76.16621300973387
5372,0,CORDOBA,0.0,Total PUERTO ESCONDIDO,,,1,3,1,6,5,4,2,2,9,4,1,2,2,1,6,2,51,,
5373,0,CORDOBA,580.0,PUERTO LIBERTADOR,100.0,ACCIDENTE OFIDICO,0,1,1,0,0,0,0,1,0,0,0,0,0,0,0,0,3,7.696093100000001,-75.76757303723957
5374,0,CORDOBA,0.0,PUERTO LIBERTADOR,110.0,BAJO PESO AL NACER,0,1,1,0,2,0,0,0,1,0,1,1,0,0,0,0,7,7.696093100000001,-75.76757303723957
5375,0,CORDOBA,0.0,PUERTO LIBERTADOR,113.0,DESNUTRICIÓN AGUDA EN MENORES DE 5 AÑOS,0,0,0,0,0,0,0,0,0,0,0,0,0,0,1,0,1,7.696093100000001,-75.76757303723957
5376,0,CORDOBA,0.0,PUERTO LIBERTADOR,210.0,DENGUE,1,1,1,0,0,0,0,0,0,0,1,1,0,1,0,0,6,7.696093100000001,-75.76757303723957
5377,0,CORDOBA,0.0,PUERTO LIBERTADOR,298.0,EVENTO ADVERSO POSTERIOR A LA VACUNACION GRAVE,0,0,0,0,0,0,0,0,0,0,0,0,0,1,0,0,1,7.696093100000001,-75.76757303723957
5378,0,CORDOBA,0.0,PUERTO LIBERTADOR,300.0,AGRESIONES POR ANIMALES POTENCIALMENTE TRANSMISORES DE RABIA,1,1,1,0,0,2,0,0,1,1,1,0,2,1,1,0,12,7.696093100000001,-75.76757303723957
5379,0,CORDOBA,0.0,PUERTO LIBERTADOR,340.0,"HEPATITIS B, C Y COINFECCIÓN HEPATITIS B Y DELTA",0,0,0,0,0,0,0,0,1,0,0,0,0,0,0,0,1,7.696093100000001,-75.76757303723957
5380,0,CORDOBA,0.0,PUERTO LIBERTADOR,356.0,INTENTO DE SUICIDIO,0,0,0,1,0,0,0,0,1,0,0,0,2,0,0,0,4,7.696093100000001,-75.76757303723957
5381,0,CORDOBA,0.0,PUERTO LIBERTADOR,357.0,INFECCIONES ASOCIADAS A DISPOSITIVOS - INDIVIDUAL,0,0,0,0,0,0,0,0,1,0,0,0,0,0,0,0,1,7.696093100000001,-75.76757303723957
5382,0,CORDOBA,0.0,PUERTO LIBERTADOR,365.0,INTENTO DE SUICIDIO CON MECANISMO INTOXICACIÓN,0,0,0,0,0,0,0,0,0,0,0,0,2,0,0,0,2,7.696093100000001,-75.76757303723957
5383,0,CORDOBA,0.0,PUERTO LIBERTADOR,,INTOXICACIONES,0,0,0,0,0,0,0,0,0,0,1,0,2,0,0,0,3,7.696093100000001,-75.76757303723957
5384,0,CORDOBA,0.0,PUERTO LIBERTADOR,420.0,LEISHMANIASIS CUTANEA,0,0,1,0,0,2,0,0,0,0,0,1,0,0,0,0,4,7.696093100000001,-75.76757303723957
5385,0,CORDOBA,0.0,PUERTO LIBERTADOR,465.0,MALARIA (TODAS LAS FORMAS),33,39,34,27,36,45,40,23,32,48,69,28,41,22,9,3,529,7.696093100000001,-75.76757303723957
5386,0,CORDOBA,0.0,PUERTO LIBERTADOR,549.0,MORBILIDAD MATERNA EXTREMA,0,1,0,1,0,1,0,2,1,0,0,2,1,0,0,1,10,7.696093100000001,-75.76757303723957
5387,0,CORDOBA,0.0,PUERTO LIBERTADOR,560.0,MORTALIDAD PERINATAL Y NEONATAL TARDÍA,0,0,1,0,1,0,1,1,0,0,0,0,0,1,0,0,5,7.696093100000001,-75.76757303723957
5388,0,CORDOBA,0.0,PUERTO LIBERTADOR,750.0,SIFILIS GESTACIONAL,0,1,0,0,0,2,0,0,1,1,0,0,0,0,1,0,6,7.696093100000001,-75.76757303723957
5389,0,CORDOBA,0.0,PUERTO LIBERTADOR,850.0,VIH/SIDA/MORTALIDAD POR SIDA,0,0,0,0,0,1,0,0,0,0,0,0,0,0,0,0,1,7.696093100000001,-75.76757303723957
5390,0,CORDOBA,0.0,PUERTO LIBERTADOR,875.0,VIGILANCIA EN SALUD PÚBLICA DE LA VIOLENCIA DE GÉNERO E INTRAFAMILIAR,0,2,1,2,6,2,0,1,3,5,2,1,2,4,3,0,34,7.696093100000001,-75.76757303723957
5391,0,CORDOBA,0.0,Total PUERTO LIBERTADOR,,,35,47,41,31,45,55,41,28,42,55,75,34,52,30,15,4,630,,
5392,0,CORDOBA,586.0,PURISIMA,300.0,AGRESIONES POR ANIMALES POTENCIALMENTE TRANSMISORES DE RABIA,0,1,0,0,0,2,1,1,1,1,2,0,0,0,2,0,11,9.27643225,-75.73189215882775
5393,0,CORDOBA,0.0,PURISIMA,357.0,INFECCIONES ASOCIADAS A DISPOSITIVOS - INDIVIDUAL,0,0,0,0,0,0,0,1,0,0,0,0,0,0,0,0,1,9.27643225,-75.73189215882775
5394,0,CORDOBA,0.0,PURISIMA,365.0,INTOXICACIONES,0,0,0,0,0,0,0,0,1,0,0,0,0,0,0,0,1,9.27643225,-75.73189215882775
5395,0,CORDOBA,0.0,PURISIMA,549.0,MORBILIDAD MATERNA EXTREMA,0,0,0,0,0,0,0,1,0,0,0,0,0,0,0,0,1,9.27643225,-75.73189215882775
5396,0,CORDOBA,0.0,PURISIMA,560.0,MORTALIDAD PERINATAL Y NEONATAL TARDÍA,0,0,0,0,1,0,0,0,0,0,0,0,0,0,0,0,1,9.27643225,-75.73189215882775
5397,0,CORDOBA,0.0,PURISIMA,750.0,SIFILIS GESTACIONAL,1,0,0,0,0,0,0,0,0,0,0,0,0,0,1,0,2,9.27643225,-75.73189215882775
5398,0,CORDOBA,0.0,PURISIMA,813.0,TUBERCULOSIS,0,0,0,0,0,1,0,0,0,0,0,0,0,0,0,0,1,9.27643225,-75.73189215882775
5399,0,CORDOBA,0.0,PURISIMA,875.0,VIGILANCIA EN SALUD PÚBLICA DE LA VIOLENCIA DE GÉNERO E INTRAFAMILIAR,0,0,0,0,0,0,1,0,0,1,0,0,1,0,0,0,3,9.27643225,-75.73189215882775
5400,0,CORDOBA,0.0,Total PURISIMA,,,1,1,0,0,1,3,2,3,2,2,2,0,1,0,3,0,21,,
5401,0,CORDOBA,660.0,SAHAGUN,100.0,ACCIDENTE OFIDICO,0,0,0,0,1,0,0,0,0,0,0,0,0,0,1,0,2,8.79743105,-75.45217724273058
5402,0,CORDOBA,0.0,SAHAGUN,110.0,BAJO PESO AL NACER,0,1,0,1,0,0,2,0,0,1,0,1,0,0,0,1,7,8.79743105,-75.45217724273058
5403,0,CORDOBA,0.0,SAHAGUN,113.0,DESNUTRICIÓN AGUDA EN MENORES DE 5 AÑOS,0,0,0,0,0,0,0,0,0,2,2,1,0,0,0,0,5,8.79743105,-75.45217724273058
5404,0,CORDOBA,0.0,SAHAGUN,215.0,DEFECTOS CONGENITOS,0,2,0,0,0,0,0,0,0,0,0,0,0,0,0,0,2,8.79743105,-75.45217724273058
5405,0,CORDOBA,0.0,SAHAGUN,298.0,EVENTO ADVERSO POSTERIOR A LA VACUNACION GRAVE,0,0,0,0,0,0,0,0,1,0,0,0,0,0,0,0,1,8.79743105,-75.45217724273058
5406,0,CORDOBA,0.0,SAHAGUN,300.0,AGRESIONES POR ANIMALES POTENCIALMENTE TRANSMISORES DE RABIA,3,8,7,4,7,5,4,3,2,6,0,4,2,5,8,2,70,8.79743105,-75.45217724273058
5407,0,CORDOBA,0.0,SAHAGUN,348.0,INFECCION RESPIRATORIA AGUDA GRAVE INUSITADA,1,0,0,0,0,0,0,0,0,0,0,0,0,0,0,0,1,8.79743105,-75.45217724273058
5408,0,CORDOBA,0.0,SAHAGUN,352.0,INFECCIONES DE SITIO QUIRÚRGICO ASOCIADAS A PROCEDIMIENTO MÉDICO QUIRÚRGICO,0,0,0,0,0,0,0,1,0,0,0,0,0,0,0,0,1,8.79743105,-75.45217724273058
5409,0,CORDOBA,0.0,SAHAGUN,356.0,INTENTO DE SUICIDIO,1,1,2,0,2,1,0,1,0,1,0,3,1,1,0,1,15,8.79743105,-75.45217724273058
5410,0,CORDOBA,0.0,SAHAGUN,365.0,INTENTO DE SUICIDIO CON MECANISMO INTOXICACIÓN,0,0,2,0,2,1,0,1,0,1,0,2,1,1,0,1,12,8.79743105,-75.45217724273058
5411,0,CORDOBA,0.0,SAHAGUN,,INTOXICACIONES,2,2,3,0,0,1,0,1,1,2,0,1,0,0,0,0,13,8.79743105,-75.45217724273058
5412,0,CORDOBA,0.0,SAHAGUN,549.0,MORBILIDAD MATERNA EXTREMA,1,1,0,2,1,1,0,4,1,3,1,1,0,0,3,4,23,8.79743105,-75.45217724273058
5413,0,CORDOBA,0.0,SAHAGUN,560.0,MORTALIDAD PERINATAL Y NEONATAL TARDÍA,0,0,3,0,1,0,1,0,1,0,0,0,0,0,0,1,7,8.79743105,-75.45217724273058
5414,0,CORDOBA,0.0,SAHAGUN,620.0,PAROTIDITIS,0,0,2,0,0,1,0,1,0,0,0,0,0,1,1,0,6,8.79743105,-75.45217724273058
5415,0,CORDOBA,0.0,SAHAGUN,740.0,SIFILIS CONGENITA,0,0,0,0,0,0,0,0,0,0,0,1,0,0,0,0,1,8.79743105,-75.45217724273058
5416,0,CORDOBA,0.0,SAHAGUN,750.0,SIFILIS GESTACIONAL,0,0,0,0,1,0,0,0,0,0,1,0,0,0,1,0,3,8.79743105,-75.45217724273058
5417,0,CORDOBA,0.0,SAHAGUN,813.0,TUBERCULOSIS,0,0,0,0,0,0,2,0,0,0,0,0,0,0,0,0,2,8.79743105,-75.45217724273058
5418,0,CORDOBA,0.0,SAHAGUN,831.0,VARICELA INDIVIDUAL,0,0,0,1,1,0,0,0,0,0,0,0,1,0,0,0,3,8.79743105,-75.45217724273058
5419,0,CORDOBA,0.0,SAHAGUN,850.0,VIH/SIDA/MORTALIDAD POR SIDA,0,0,2,0,0,0,2,0,1,1,0,1,0,1,1,1,10,8.79743105,-75.45217724273058
5420,0,CORDOBA,0.0,SAHAGUN,875.0,VIGILANCIA EN SALUD PÚBLICA DE LA VIOLENCIA DE GÉNERO E INTRAFAMILIAR,1,1,3,1,4,3,5,3,2,7,5,5,6,3,2,0,51,8.79743105,-75.45217724273058
5421,0,CORDOBA,0.0,Total SAHAGUN,,,9,16,24,9,20,13,16,15,9,24,9,20,11,12,17,11,235,,
5422,0,CORDOBA,670.0,SAN ANDRES SOTAVENTO,110.0,BAJO PESO AL NACER,0,1,1,0,1,2,0,0,1,1,2,0,1,0,0,0,10,,
5423,0,CORDOBA,0.0,SAN ANDRES SOTAVENTO,113.0,DESNUTRICIÓN AGUDA EN MENORES DE 5 AÑOS,1,0,1,0,0,0,1,0,1,0,0,0,0,0,0,0,4,,
5424,0,CORDOBA,0.0,SAN ANDRES SOTAVENTO,210.0,DENGUE,0,0,0,0,0,0,0,0,1,0,0,0,0,1,1,0,3,,
5425,0,CORDOBA,0.0,SAN ANDRES SOTAVENTO,215.0,DEFECTOS CONGENITOS,0,0,0,0,0,0,1,1,1,0,0,0,0,0,0,0,3,,
5426,0,CORDOBA,0.0,SAN ANDRES SOTAVENTO,300.0,AGRESIONES POR ANIMALES POTENCIALMENTE TRANSMISORES DE RABIA,2,0,2,2,1,3,2,3,1,3,2,1,2,2,0,0,26,,
5427,0,CORDOBA,0.0,SAN ANDRES SOTAVENTO,356.0,INTENTO DE SUICIDIO,0,0,0,0,0,0,0,0,0,0,0,1,0,0,0,0,1,,
5428,0,CORDOBA,0.0,SAN ANDRES SOTAVENTO,365.0,INTOXICACIONES,0,0,0,0,0,0,0,0,0,1,0,0,0,0,0,0,1,,
5429,0,CORDOBA,0.0,SAN ANDRES SOTAVENTO,465.0,MALARIA (TODAS LAS FORMAS),0,0,0,0,0,0,0,0,0,1,0,0,0,0,0,0,1,,
5430,0,CORDOBA,0.0,SAN ANDRES SOTAVENTO,549.0,MORBILIDAD MATERNA EXTREMA,0,0,1,1,0,0,1,1,0,1,0,2,0,1,0,0,8,,
5431,0,CORDOBA,0.0,SAN ANDRES SOTAVENTO,560.0,MORTALIDAD PERINATAL Y NEONATAL TARDÍA,0,0,0,0,0,0,0,0,1,0,0,0,0,0,0,0,1,,
5432,0,CORDOBA,0.0,SAN ANDRES SOTAVENTO,620.0,PAROTIDITIS,0,0,0,0,0,0,0,0,0,0,1,0,0,0,0,0,1,,
5433,0,CORDOBA,0.0,SAN ANDRES SOTAVENTO,750.0,SIFILIS GESTACIONAL,0,0,0,0,0,0,0,0,0,0,0,1,0,0,0,0,1,,
5434,0,CORDOBA,0.0,SAN ANDRES SOTAVENTO,813.0,TUBERCULOSIS,0,0,0,0,0,0,1,1,0,0,0,0,0,0,0,0,2,,
5435,0,CORDOBA,0.0,SAN ANDRES SOTAVENTO,831.0,VARICELA INDIVIDUAL,0,0,0,0,1,0,0,0,0,0,0,0,0,0,0,0,1,,
5436,0,CORDOBA,0.0,SAN ANDRES SOTAVENTO,850.0,VIH/SIDA/MORTALIDAD POR SIDA,0,0,0,0,0,0,0,0,0,1,1,1,0,0,0,0,3,,
5437,0,CORDOBA,0.0,SAN ANDRES SOTAVENTO,875.0,VIGILANCIA EN SALUD PÚBLICA DE LA VIOLENCIA DE GÉNERO E INTRAFAMILIAR,0,1,0,2,0,1,1,0,0,2,1,0,2,0,0,0,10,,
5438,0,CORDOBA,0.0,Total SAN ANDRES SOTAVENTO,,,3,2,5,5,3,6,7,6,6,10,7,6,5,4,1,0,76,,
5439,0,CORDOBA,672.0,SAN ANTERO,100.0,ACCIDENTE OFIDICO,0,0,0,0,0,0,0,0,0,0,0,1,0,0,0,0,1,9.3560231,-75.78049585318857
5440,0,CORDOBA,0.0,SAN ANTERO,110.0,BAJO PESO AL NACER,2,1,0,0,0,0,1,3,2,0,0,0,0,1,0,0,10,9.3560231,-75.78049585318857
5441,0,CORDOBA,0.0,SAN ANTERO,113.0,DESNUTRICIÓN AGUDA EN MENORES DE 5 AÑOS,0,0,0,1,1,0,0,0,0,0,0,0,0,0,0,0,2,9.3560231,-75.78049585318857
5442,0,CORDOBA,0.0,SAN ANTERO,210.0,DENGUE,0,1,0,0,0,0,0,0,1,1,0,0,0,0,0,0,3,9.3560231,-75.78049585318857
5443,0,CORDOBA,0.0,SAN ANTERO,215.0,DEFECTOS CONGENITOS,0,0,0,0,0,0,0,0,0,1,0,0,0,0,0,0,1,9.3560231,-75.78049585318857
5444,0,CORDOBA,0.0,SAN ANTERO,300.0,AGRESIONES POR ANIMALES POTENCIALMENTE TRANSMISORES DE RABIA,2,3,0,3,0,3,1,5,1,0,0,2,0,2,1,5,28,9.3560231,-75.78049585318857
5445,0,CORDOBA,0.0,SAN ANTERO,340.0,"HEPATITIS B, C Y COINFECCIÓN HEPATITIS B Y DELTA",0,0,0,0,0,0,0,1,0,0,0,0,0,0,0,0,1,9.3560231,-75.78049585318857
5446,0,CORDOBA,0.0,SAN ANTERO,356.0,INTENTO DE SUICIDIO,0,0,0,0,0,0,0,0,0,0,1,0,0,0,0,0,1,9.3560231,-75.78049585318857
5447,0,CORDOBA,0.0,SAN ANTERO,365.0,INTENTO DE SUICIDIO CON MECANISMO INTOXICACIÓN,0,0,0,0,0,0,0,0,0,0,1,0,0,0,0,0,1,9.3560231,-75.78049585318857
5448,0,CORDOBA,0.0,SAN ANTERO,549.0,MORBILIDAD MATERNA EXTREMA,0,0,0,0,0,0,0,0,0,0,0,0,0,0,1,0,1,9.3560231,-75.78049585318857
5449,0,CORDOBA,0.0,SAN ANTERO,560.0,MORTALIDAD PERINATAL Y NEONATAL TARDÍA,0,0,0,0,0,0,0,1,1,0,0,1,0,0,0,0,3,9.3560231,-75.78049585318857
5450,0,CORDOBA,0.0,SAN ANTERO,750.0,SIFILIS GESTACIONAL,0,1,0,1,1,0,3,0,1,0,0,0,0,0,0,0,7,9.3560231,-75.78049585318857
5451,0,CORDOBA,0.0,SAN ANTERO,813.0,TUBERCULOSIS,0,0,0,0,0,0,0,0,0,0,0,1,0,0,0,0,1,9.3560231,-75.78049585318857
5452,0,CORDOBA,0.0,SAN ANTERO,831.0,VARICELA INDIVIDUAL,0,1,0,1,0,0,0,0,0,0,0,0,0,0,0,0,2,9.3560231,-75.78049585318857
5453,0,CORDOBA,0.0,SAN ANTERO,850.0,VIH/SIDA/MORTALIDAD POR SIDA,0,2,0,0,0,0,0,0,0,0,0,0,0,0,0,0,2,9.3560231,-75.78049585318857
5454,0,CORDOBA,0.0,SAN ANTERO,875.0,VIGILANCIA EN SALUD PÚBLICA DE LA VIOLENCIA DE GÉNERO E INTRAFAMILIAR,1,1,2,0,1,1,0,2,0,2,2,1,0,1,1,3,18,9.3560231,-75.78049585318857
5455,0,CORDOBA,0.0,Total SAN ANTERO,,,5,10,2,6,3,4,5,12,6,4,4,6,0,4,3,8,82,,
5456,0,CORDOBA,675.0,SAN BERNARDO DEL VIENTO,100.0,ACCIDENTE OFIDICO,0,0,0,0,0,1,0,0,0,0,0,0,0,0,0,0,1,9.33022695,-75.9948706725043
5457,0,CORDOBA,0.0,SAN BERNARDO DEL VIENTO,110.0,BAJO PESO AL NACER,3,0,0,0,1,1,1,1,0,0,0,0,0,0,0,0,7,9.33022695,-75.9948706725043
5458,0,CORDOBA,0.0,SAN BERNARDO DEL VIENTO,113.0,DESNUTRICIÓN AGUDA EN MENORES DE 5 AÑOS,0,0,0,0,0,0,0,0,0,1,0,0,0,0,0,0,1,9.33022695,-75.9948706725043
5459,0,CORDOBA,0.0,SAN BERNARDO DEL VIENTO,215.0,DEFECTOS CONGENITOS,1,0,0,0,0,0,0,0,0,0,0,0,0,0,0,0,1,9.33022695,-75.9948706725043
5460,0,CORDOBA,0.0,SAN BERNARDO DEL VIENTO,300.0,AGRESIONES POR ANIMALES POTENCIALMENTE TRANSMISORES DE RABIA,1,0,0,1,0,2,1,1,3,2,1,6,0,1,0,0,19,9.33022695,-75.9948706725043
5461,0,CORDOBA,0.0,SAN BERNARDO DEL VIENTO,356.0,INTENTO DE SUICIDIO,1,2,1,0,0,0,1,2,0,0,0,0,1,0,1,0,9,9.33022695,-75.9948706725043
5462,0,CORDOBA,0.0,SAN BERNARDO DEL VIENTO,365.0,INTENTO DE SUICIDIO CON MECANISMO INTOXICACIÓN,0,2,1,0,1,0,1,2,0,0,0,0,1,0,1,0,9,9.33022695,-75.9948706725043
5463,0,CORDOBA,0.0,SAN BERNARDO DEL VIENTO,,INTOXICACIONES,1,1,0,0,0,0,0,1,0,0,2,0,0,0,2,0,7,9.33022695,-75.9948706725043
5464,0,CORDOBA,0.0,SAN BERNARDO DEL VIENTO,549.0,MORBILIDAD MATERNA EXTREMA,0,0,0,0,0,0,0,0,0,1,1,1,0,1,0,2,6,9.33022695,-75.9948706725043
5465,0,CORDOBA,0.0,SAN BERNARDO DEL VIENTO,551.0,MORTALIDAD MATERNA TEMPRANA,0,0,0,0,0,0,0,1,0,0,0,0,0,0,0,0,1,9.33022695,-75.9948706725043
5466,0,CORDOBA,0.0,SAN BERNARDO DEL VIENTO,560.0,MORTALIDAD PERINATAL Y NEONATAL TARDÍA,0,0,0,0,0,0,0,1,0,0,1,0,0,0,0,0,2,9.33022695,-75.9948706725043
5467,0,CORDOBA,0.0,SAN BERNARDO DEL VIENTO,750.0,SIFILIS GESTACIONAL,0,0,0,0,0,0,0,0,1,0,0,0,0,0,0,1,2,9.33022695,-75.9948706725043
5468,0,CORDOBA,0.0,SAN BERNARDO DEL VIENTO,813.0,TUBERCULOSIS,0,0,0,0,1,0,1,0,0,0,0,0,0,0,0,0,2,9.33022695,-75.9948706725043
5469,0,CORDOBA,0.0,SAN BERNARDO DEL VIENTO,831.0,VARICELA INDIVIDUAL,0,0,1,0,0,0,0,0,0,0,0,1,0,0,0,0,2,9.33022695,-75.9948706725043
5470,0,CORDOBA,0.0,SAN BERNARDO DEL VIENTO,850.0,VIH/SIDA/MORTALIDAD POR SIDA,0,0,0,0,0,0,0,0,0,2,1,0,0,0,0,0,3,9.33022695,-75.9948706725043
5471,0,CORDOBA,0.0,SAN BERNARDO DEL VIENTO,875.0,VIGILANCIA EN SALUD PÚBLICA DE LA VIOLENCIA DE GÉNERO E INTRAFAMILIAR,1,0,0,0,1,2,0,2,0,1,1,0,1,1,1,0,11,9.33022695,-75.9948706725043
5472,0,CORDOBA,0.0,Total SAN BERNARDO DEL VIENTO,,,8,5,3,1,4,6,5,11,4,7,7,8,3,3,5,3,83,,
5473,0,CORDOBA,678.0,SAN CARLOS,110.0,BAJO PESO AL NACER,0,0,1,0,0,0,0,0,0,0,0,1,0,0,0,0,2,8.687810500000001,-75.67933209123589
5474,0,CORDOBA,0.0,SAN CARLOS,113.0,DESNUTRICIÓN AGUDA EN MENORES DE 5 AÑOS,0,0,0,0,0,1,0,0,0,0,0,0,0,0,0,0,1,8.687810500000001,-75.67933209123589
5475,0,CORDOBA,0.0,SAN CARLOS,210.0,DENGUE,0,0,0,0,0,0,0,0,0,1,0,0,0,0,0,0,1,8.687810500000001,-75.67933209123589
5476,0,CORDOBA,0.0,SAN CARLOS,300.0,AGRESIONES POR ANIMALES POTENCIALMENTE TRANSMISORES DE RABIA,0,0,0,2,1,0,1,0,1,0,2,3,0,1,0,0,11,8.687810500000001,-75.67933209123589
5477,0,CORDOBA,0.0,SAN CARLOS,356.0,INTENTO DE SUICIDIO,1,0,1,0,0,0,0,0,0,0,1,1,0,0,0,0,4,8.687810500000001,-75.67933209123589
5478,0,CORDOBA,0.0,SAN CARLOS,365.0,INTENTO DE SUICIDIO CON MECANISMO INTOXICACIÓN,1,0,0,0,0,0,0,0,0,0,1,1,0,0,0,0,3,8.687810500000001,-75.67933209123589
5479,0,CORDOBA,0.0,SAN CARLOS,,INTOXICACIONES,0,0,0,0,1,0,0,0,0,0,1,0,0,0,0,0,2,8.687810500000001,-75.67933209123589
5480,0,CORDOBA,0.0,SAN CARLOS,549.0,MORBILIDAD MATERNA EXTREMA,0,0,0,0,0,1,0,0,0,0,0,0,0,0,0,0,1,8.687810500000001,-75.67933209123589
5481,0,CORDOBA,0.0,SAN CARLOS,560.0,MORTALIDAD PERINATAL Y NEONATAL TARDÍA,0,0,0,0,1,0,0,0,0,0,0,0,0,0,0,0,1,8.687810500000001,-75.67933209123589
5482,0,CORDOBA,0.0,SAN CARLOS,813.0,TUBERCULOSIS,0,0,1,0,0,0,0,0,0,0,0,0,0,1,0,0,2,8.687810500000001,-75.67933209123589
5483,0,CORDOBA,0.0,SAN CARLOS,850.0,VIH/SIDA/MORTALIDAD POR SIDA,0,0,1,1,0,0,1,0,0,1,0,1,0,1,0,1,7,8.687810500000001,-75.67933209123589
5484,0,CORDOBA,0.0,SAN CARLOS,875.0,VIGILANCIA EN SALUD PÚBLICA DE LA VIOLENCIA DE GÉNERO E INTRAFAMILIAR,1,0,2,0,1,1,1,1,1,1,0,1,0,1,0,1,12,8.687810500000001,-75.67933209123589
5485,0,CORDOBA,0.0,Total SAN CARLOS,,,3,0,6,3,4,3,3,1,2,3,5,8,0,4,0,2,47,,
5486,0,CORDOBA,682.0,SAN JOSE DE URE,100.0,ACCIDENTE OFIDICO,0,0,0,0,0,0,0,0,0,0,0,0,0,0,0,1,1,7.7646823000000005,-75.54136574575175
5487,0,CORDOBA,0.0,SAN JOSE DE URE,113.0,DESNUTRICIÓN AGUDA EN MENORES DE 5 AÑOS,0,0,0,0,1,0,0,0,0,0,1,0,0,0,0,0,2,7.7646823000000005,-75.54136574575175
5488,0,CORDOBA,0.0,SAN JOSE DE URE,300.0,AGRESIONES POR ANIMALES POTENCIALMENTE TRANSMISORES DE RABIA,0,0,1,0,0,0,0,0,0,0,0,0,0,0,0,0,1,7.7646823000000005,-75.54136574575175
5489,0,CORDOBA,0.0,SAN JOSE DE URE,356.0,INTENTO DE SUICIDIO,0,0,0,1,0,0,0,0,0,0,0,0,0,1,0,0,2,7.7646823000000005,-75.54136574575175
5490,0,CORDOBA,0.0,SAN JOSE DE URE,365.0,INTENTO DE SUICIDIO CON MECANISMO INTOXICACIÓN,0,0,0,1,0,0,0,0,0,0,0,0,0,0,0,0,1,7.7646823000000005,-75.54136574575175
5491,0,CORDOBA,0.0,SAN JOSE DE URE,,INTOXICACIONES,1,0,0,0,0,0,0,0,0,0,0,0,0,0,0,0,1,7.7646823000000005,-75.54136574575175
5492,0,CORDOBA,0.0,SAN JOSE DE URE,465.0,MALARIA (TODAS LAS FORMAS),0,1,0,0,0,0,0,0,2,3,3,4,0,0,1,0,14,7.7646823000000005,-75.54136574575175
5493,0,CORDOBA,0.0,SAN JOSE DE URE,560.0,MORTALIDAD PERINATAL Y NEONATAL TARDÍA,0,0,0,1,0,0,0,0,0,0,0,0,0,0,0,0,1,7.7646823000000005,-75.54136574575175
5494,0,CORDOBA,0.0,SAN JOSE DE URE,620.0,PAROTIDITIS,0,0,0,0,0,0,0,0,0,1,0,0,1,0,0,0,2,7.7646823000000005,-75.54136574575175
5495,0,CORDOBA,0.0,SAN JOSE DE URE,875.0,VIGILANCIA EN SALUD PÚBLICA DE LA VIOLENCIA DE GÉNERO E INTRAFAMILIAR,0,0,0,0,0,0,0,0,0,0,0,1,0,0,1,0,2,7.7646823000000005,-75.54136574575175
5496,0,CORDOBA,0.0,Total SAN JOSE DE URE,,,1,1,1,3,1,0,0,0,2,4,4,5,1,1,2,1,27,,
5497,0,CORDOBA,686.0,SAN PELAYO,100.0,ACCIDENTE OFIDICO,0,0,0,1,0,0,0,0,0,0,0,0,0,0,0,0,1,8.9920713,-75.90462715586233
5498,0,CORDOBA,0.0,SAN PELAYO,110.0,BAJO PESO AL NACER,1,0,0,0,1,0,0,1,0,0,1,0,0,0,0,0,4,8.9920713,-75.90462715586233
5499,0,CORDOBA,0.0,SAN PELAYO,113.0,DESNUTRICIÓN AGUDA EN MENORES DE 5 AÑOS,0,1,0,0,1,0,0,0,0,0,0,0,0,0,0,0,2,8.9920713,-75.90462715586233
5500,0,CORDOBA,0.0,SAN PELAYO,300.0,AGRESIONES POR ANIMALES POTENCIALMENTE TRANSMISORES DE RABIA,0,0,1,0,1,3,4,2,0,1,0,1,1,2,4,2,22,8.9920713,-75.90462715586233
5501,0,CORDOBA,0.0,SAN PELAYO,356.0,INTENTO DE SUICIDIO,0,0,1,0,0,0,0,1,0,0,1,0,0,0,1,1,5,8.9920713,-75.90462715586233
5502,0,CORDOBA,0.0,SAN PELAYO,365.0,INTENTO DE SUICIDIO CON MECANISMO INTOXICACIÓN,0,0,0,0,0,0,0,1,0,0,1,0,0,0,1,0,3,8.9920713,-75.90462715586233
5503,0,CORDOBA,0.0,SAN PELAYO,,INTOXICACIONES,0,0,2,0,0,0,0,0,0,0,0,0,1,0,0,0,3,8.9920713,-75.90462715586233
5504,0,CORDOBA,0.0,SAN PELAYO,465.0,MALARIA (TODAS LAS FORMAS),0,0,0,0,0,0,1,0,0,0,0,0,0,0,0,0,1,8.9920713,-75.90462715586233
5505,0,CORDOBA,0.0,SAN PELAYO,549.0,MORBILIDAD MATERNA EXTREMA,0,0,0,0,0,0,0,0,1,0,0,0,0,0,0,0,1,8.9920713,-75.90462715586233
5506,0,CORDOBA,0.0,SAN PELAYO,560.0,MORTALIDAD PERINATAL Y NEONATAL TARDÍA,0,0,0,0,0,0,0,0,1,0,0,0,0,0,0,0,1,8.9920713,-75.90462715586233
5507,0,CORDOBA,0.0,SAN PELAYO,750.0,SIFILIS GESTACIONAL,0,0,0,0,0,0,0,1,0,0,0,0,0,0,0,0,1,8.9920713,-75.90462715586233
5508,0,CORDOBA,0.0,SAN PELAYO,850.0,VIH/SIDA/MORTALIDAD POR SIDA,0,0,0,1,1,0,0,0,0,0,0,0,0,0,0,0,2,8.9920713,-75.90462715586233
5509,0,CORDOBA,0.0,SAN PELAYO,875.0,VIGILANCIA EN SALUD PÚBLICA DE LA VIOLENCIA DE GÉNERO E INTRAFAMILIAR,0,1,1,0,0,0,0,0,0,0,0,0,3,1,0,1,7,8.9920713,-75.90462715586233
5510,0,CORDOBA,0.0,Total SAN PELAYO,,,1,2,5,2,4,3,5,6,2,1,3,1,5,3,6,4,53,,
5511,0,CORDOBA,807.0,TIERRALTA,100.0,ACCIDENTE OFIDICO,3,0,1,0,0,0,0,0,0,1,1,0,1,0,0,2,9,7.84705275,-76.22486782269812
5512,0,CORDOBA,0.0,TIERRALTA,110.0,BAJO PESO AL NACER,2,1,0,0,2,2,2,2,2,1,0,0,1,1,0,1,17,7.84705275,-76.22486782269812
5513,0,CORDOBA,0.0,TIERRALTA,113.0,DESNUTRICIÓN AGUDA EN MENORES DE 5 AÑOS,0,1,0,1,0,0,2,2,0,1,2,1,1,0,0,0,11,7.84705275,-76.22486782269812
5514,0,CORDOBA,0.0,TIERRALTA,210.0,DENGUE,0,0,0,0,2,1,0,0,1,1,1,1,0,0,3,1,11,7.84705275,-76.22486782269812
5515,0,CORDOBA,0.0,TIERRALTA,215.0,DEFECTOS CONGENITOS,0,0,0,0,0,1,0,0,0,0,0,0,0,0,0,0,1,7.84705275,-76.22486782269812
5516,0,CORDOBA,0.0,TIERRALTA,220.0,DENGUE GRAVE,0,0,0,1,0,0,0,0,0,0,0,0,0,0,0,0,1,7.84705275,-76.22486782269812
5517,0,CORDOBA,0.0,TIERRALTA,300.0,AGRESIONES POR ANIMALES POTENCIALMENTE TRANSMISORES DE RABIA,1,3,3,3,1,0,1,2,1,1,2,0,2,6,2,1,29,7.84705275,-76.22486782269812
5518,0,CORDOBA,0.0,TIERRALTA,340.0,"HEPATITIS B, C Y COINFECCIÓN HEPATITIS B Y DELTA",0,0,0,0,0,0,0,0,1,0,2,1,0,0,0,0,4,7.84705275,-76.22486782269812
5519,0,CORDOBA,0.0,TIERRALTA,352.0,INFECCIONES DE SITIO QUIRÚRGICO ASOCIADAS A PROCEDIMIENTO MÉDICO QUIRÚRGICO,0,0,1,0,0,0,0,0,1,0,0,0,0,0,0,0,2,7.84705275,-76.22486782269812
5520,0,CORDOBA,0.0,TIERRALTA,356.0,INTENTO DE SUICIDIO,0,0,2,1,0,0,0,0,0,0,1,0,0,0,1,0,5,7.84705275,-76.22486782269812
5521,0,CORDOBA,0.0,TIERRALTA,365.0,INTENTO DE SUICIDIO CON MECANISMO INTOXICACIÓN,0,0,1,1,0,0,0,0,0,0,0,0,0,0,1,0,3,7.84705275,-76.22486782269812
5522,0,CORDOBA,0.0,TIERRALTA,,INTOXICACIONES,1,0,1,0,0,0,0,0,0,0,0,0,0,0,0,0,2,7.84705275,-76.22486782269812
5523,0,CORDOBA,0.0,TIERRALTA,420.0,LEISHMANIASIS CUTANEA,0,1,0,2,2,1,0,3,5,1,0,0,0,1,0,2,18,7.84705275,-76.22486782269812
5524,0,CORDOBA,0.0,TIERRALTA,465.0,MALARIA (TODAS LAS FORMAS),110,105,107,129,167,111,162,111,141,95,116,86,48,56,43,31,1618,7.84705275,-76.22486782269812
5525,0,CORDOBA,0.0,TIERRALTA,549.0,MORBILIDAD MATERNA EXTREMA,0,0,1,3,1,2,3,1,8,2,1,2,0,1,1,1,27,7.84705275,-76.22486782269812
5526,0,CORDOBA,0.0,TIERRALTA,560.0,MORTALIDAD PERINATAL Y NEONATAL TARDÍA,0,0,1,0,0,0,1,1,0,1,0,2,0,0,0,2,8,7.84705275,-76.22486782269812
5527,0,CORDOBA,0.0,TIERRALTA,580.0,MORTALIDAD POR DENGUE,0,0,0,0,1,0,0,0,0,0,0,0,0,0,0,0,1,7.84705275,-76.22486782269812
5528,0,CORDOBA,0.0,TIERRALTA,620.0,PAROTIDITIS,0,0,1,0,0,0,1,2,0,0,0,0,0,0,0,0,4,7.84705275,-76.22486782269812
5529,0,CORDOBA,0.0,TIERRALTA,740.0,SIFILIS CONGENITA,0,0,1,0,0,0,0,0,0,1,0,0,0,0,0,0,2,7.84705275,-76.22486782269812
5530,0,CORDOBA,0.0,TIERRALTA,750.0,SIFILIS GESTACIONAL,1,0,0,0,1,1,3,0,0,4,2,0,1,0,0,0,13,7.84705275,-76.22486782269812
5531,0,CORDOBA,0.0,TIERRALTA,813.0,TUBERCULOSIS,1,0,2,1,0,0,0,0,0,0,1,1,1,0,0,0,7,7.84705275,-76.22486782269812
5532,0,CORDOBA,0.0,TIERRALTA,850.0,VIH/SIDA/MORTALIDAD POR SIDA,1,0,0,0,1,0,0,0,1,0,0,0,0,2,1,0,6,7.84705275,-76.22486782269812
5533,0,CORDOBA,0.0,TIERRALTA,875.0,VIGILANCIA EN SALUD PÚBLICA DE LA VIOLENCIA DE GÉNERO E INTRAFAMILIAR,4,6,5,4,8,4,4,6,2,1,4,1,0,7,3,9,68,7.84705275,-76.22486782269812
5534,0,CORDOBA,0.0,Total TIERRALTA,,,124,117,127,146,186,123,179,130,163,110,133,95,55,74,55,50,1867,,
5535,0,CORDOBA,815.0,TUCHIN,110.0,BAJO PESO AL NACER,1,0,0,1,1,0,1,0,1,1,1,1,0,1,2,0,11,9.2183344,-75.55253443304167
5536,0,CORDOBA,0.0,TUCHIN,113.0,DESNUTRICIÓN AGUDA EN MENORES DE 5 AÑOS,3,1,2,0,1,0,2,2,3,2,0,0,0,0,0,0,16,9.2183344,-75.55253443304167
5537,0,CORDOBA,0.0,TUCHIN,210.0,DENGUE,0,0,0,0,0,0,1,0,0,0,0,0,0,0,0,0,1,9.2183344,-75.55253443304167
5538,0,CORDOBA,0.0,TUCHIN,300.0,AGRESIONES POR ANIMALES POTENCIALMENTE TRANSMISORES DE RABIA,4,2,0,2,0,1,0,1,1,2,1,0,2,1,0,0,17,9.2183344,-75.55253443304167
5539,0,CORDOBA,0.0,TUCHIN,356.0,INTENTO DE SUICIDIO,1,0,0,0,0,0,0,0,0,0,0,0,0,0,0,0,1,9.2183344,-75.55253443304167
5540,0,CORDOBA,0.0,TUCHIN,365.0,INTOXICACIONES,0,0,0,0,0,0,0,0,0,0,0,0,1,0,0,0,1,9.2183344,-75.55253443304167
5541,0,CORDOBA,0.0,TUCHIN,420.0,LEISHMANIASIS CUTANEA,0,0,0,0,1,0,0,0,0,0,0,0,0,0,0,0,1,9.2183344,-75.55253443304167
5542,0,CORDOBA,0.0,TUCHIN,465.0,MALARIA (TODAS LAS FORMAS),0,0,0,0,0,0,0,0,0,0,0,2,0,1,1,0,4,9.2183344,-75.55253443304167
5543,0,CORDOBA,0.0,TUCHIN,535.0,MENINGITIS BACTERIANA Y ENFERMEDAD MENINGOCÓCICA,0,0,0,0,0,1,0,0,0,0,0,0,0,0,0,0,1,9.2183344,-75.55253443304167
5544,0,CORDOBA,0.0,TUCHIN,549.0,MORBILIDAD MATERNA EXTREMA,1,1,1,0,0,0,1,0,1,0,0,0,1,0,1,1,8,9.2183344,-75.55253443304167
5545,0,CORDOBA,0.0,TUCHIN,560.0,MORTALIDAD PERINATAL Y NEONATAL TARDÍA,0,0,1,1,0,0,0,0,0,0,1,0,0,0,0,0,3,9.2183344,-75.55253443304167
5546,0,CORDOBA,0.0,TUCHIN,740.0,SIFILIS CONGENITA,0,0,0,0,0,0,0,0,0,0,0,0,0,1,0,0,1,9.2183344,-75.55253443304167
5547,0,CORDOBA,0.0,TUCHIN,750.0,SIFILIS GESTACIONAL,0,0,0,0,0,0,0,1,0,0,0,0,0,1,0,0,2,9.2183344,-75.55253443304167
5548,0,CORDOBA,0.0,TUCHIN,813.0,TUBERCULOSIS,1,0,0,0,1,0,0,0,0,0,0,0,0,0,0,0,2,9.2183344,-75.55253443304167
5549,0,CORDOBA,0.0,TUCHIN,831.0,VARICELA INDIVIDUAL,0,0,0,0,0,0,0,1,0,1,1,0,0,0,0,1,4,9.2183344,-75.55253443304167
5550,0,CORDOBA,0.0,TUCHIN,875.0,VIGILANCIA EN SALUD PÚBLICA DE LA VIOLENCIA DE GÉNERO E INTRAFAMILIAR,4,0,1,1,1,3,0,0,0,0,0,1,0,3,1,0,15,9.2183344,-75.55253443304167
5551,0,CORDOBA,0.0,Total TUCHIN,,,15,4,5,5,5,5,5,5,6,6,4,4,4,8,5,2,88,,
5552,0,CORDOBA,855.0,VALENCIA,100.0,ACCIDENTE OFIDICO,0,0,0,0,0,0,0,0,1,1,0,1,0,0,0,0,3,8.1995857,-76.20309098658663
5553,0,CORDOBA,0.0,VALENCIA,110.0,BAJO PESO AL NACER,0,2,0,0,0,0,0,1,0,0,0,0,0,0,0,0,3,8.1995857,-76.20309098658663
5554,0,CORDOBA,0.0,VALENCIA,113.0,DESNUTRICIÓN AGUDA EN MENORES DE 5 AÑOS,0,0,0,0,0,0,0,0,0,3,0,0,0,0,1,1,5,8.1995857,-76.20309098658663
5555,0,CORDOBA,0.0,VALENCIA,210.0,DENGUE,0,1,0,1,0,0,1,0,0,0,0,0,0,0,0,0,3,8.1995857,-76.20309098658663
5556,0,CORDOBA,0.0,VALENCIA,300.0,AGRESIONES POR ANIMALES POTENCIALMENTE TRANSMISORES DE RABIA,0,1,0,2,0,2,1,1,1,1,2,0,1,1,2,1,16,8.1995857,-76.20309098658663
5557,0,CORDOBA,0.0,VALENCIA,352.0,INFECCIONES DE SITIO QUIRÚRGICO ASOCIADAS A PROCEDIMIENTO MÉDICO QUIRÚRGICO,0,0,0,0,0,1,0,0,0,0,0,0,0,0,0,0,1,8.1995857,-76.20309098658663
5558,0,CORDOBA,0.0,VALENCIA,356.0,INTENTO DE SUICIDIO,0,0,0,0,0,0,0,0,1,1,0,0,1,1,0,0,4,8.1995857,-76.20309098658663
5559,0,CORDOBA,0.0,VALENCIA,365.0,INTENTO DE SUICIDIO CON MECANISMO INTOXICACIÓN,0,0,0,0,0,0,0,0,1,1,0,0,1,1,0,0,4,8.1995857,-76.20309098658663
5560,0,CORDOBA,0.0,VALENCIA,,INTOXICACIONES,0,0,0,0,0,1,0,0,0,0,0,0,0,1,0,1,3,8.1995857,-76.20309098658663
5561,0,CORDOBA,0.0,VALENCIA,420.0,LEISHMANIASIS CUTANEA,0,0,0,0,0,0,0,0,0,0,0,0,1,0,0,0,1,8.1995857,-76.20309098658663
5562,0,CORDOBA,0.0,VALENCIA,465.0,MALARIA (TODAS LAS FORMAS),1,8,7,9,3,2,7,5,13,5,6,9,8,4,4,4,95,8.1995857,-76.20309098658663
5563,0,CORDOBA,0.0,VALENCIA,549.0,MORBILIDAD MATERNA EXTREMA,0,1,0,0,1,0,0,3,2,0,0,0,0,0,0,0,7,8.1995857,-76.20309098658663
5564,0,CORDOBA,0.0,VALENCIA,560.0,MORTALIDAD PERINATAL Y NEONATAL TARDÍA,0,0,0,0,1,1,0,0,0,0,0,0,0,0,1,0,3,8.1995857,-76.20309098658663
5565,0,CORDOBA,0.0,VALENCIA,750.0,SIFILIS GESTACIONAL,0,0,0,0,1,0,0,2,0,0,0,1,0,0,0,0,4,8.1995857,-76.20309098658663
5566,0,CORDOBA,0.0,VALENCIA,813.0,TUBERCULOSIS,0,1,0,0,0,0,0,0,0,0,0,0,0,0,0,0,1,8.1995857,-76.20309098658663
5567,0,CORDOBA,0.0,VALENCIA,831.0,VARICELA INDIVIDUAL,0,0,0,0,0,0,0,0,0,0,0,0,0,2,0,0,2,8.1995857,-76.20309098658663
5568,0,CORDOBA,0.0,VALENCIA,850.0,VIH/SIDA/MORTALIDAD POR SIDA,0,0,0,1,0,0,0,0,0,0,0,0,0,0,0,1,2,8.1995857,-76.20309098658663
5569,0,CORDOBA,0.0,VALENCIA,875.0,VIGILANCIA EN SALUD PÚBLICA DE LA VIOLENCIA DE GÉNERO E INTRAFAMILIAR,0,0,0,1,0,1,1,3,1,1,0,0,1,0,0,1,10,8.1995857,-76.20309098658663
5570,0,CORDOBA,0.0,Total VALENCIA,,,1,14,7,14,6,8,10,15,20,13,8,11,13,10,8,9,167,,
